gene_symbol,allele_symbol,zygosity,phenotyping_center,n_mut_female,n_mut_male,n_ctrl_female,n_ctrl_male,centre_bg_pool_female,centre_bg_pool_male,mutant_test_period,shortage_mechanism
Tmem237,Tmem237<tm1b(EUCOMM)Hmgu>,heterozygote,CCP-IMG,7,7,22,19,1767,1720,2016-11-22/2016-11-23,Stimulus/equipment config
Eci2,Eci2<tm1b(EUCOMM)Hmgu>,homozygote,HMGU,4,4,0,0,950,959,2016-05-18/2016-05-19,Genetic Background control-matching
Ndufs1,Ndufs1<tm1b(EUCOMM)Hmgu>,heterozygote,HMGU,4,3,8,8,444,436,2015-01-14/2015-04-29,Stimulus/equipment config
Prkd2,Prkd2<em1(IMPC)Hmgu>,homozygote,HMGU,2,0,0,0,950,959,2018-04-04/2018-04-04,Stimulus/equipment config
Zbtb24,Zbtb24<tm1b(EUCOMM)Hmgu>,heterozygote,HMGU,4,4,8,8,444,436,2015-01-14/2015-01-15,Stimulus/equipment config
Zfp119a,Zfp119a<tm1b(EUCOMM)Hmgu>,homozygote,HMGU,0,2,8,8,444,436,2015-01-07/2015-01-07,Stimulus/equipment config
Igfl3,Igfl3<tm1b(EUCOMM)Hmgu>,homozygote,JAX,3,2,0,0,0,0,2016-10-20/2017-05-22,Genetic Background control-matching
Sema6a,Sema6a<tm2e.1(EUCOMM)Hmgu>,heterozygote,JAX,4,4,0,0,0,0,2016-12-21/2017-01-05,Genetic Background control-matching
Hdac11,Hdac11<em1(IMPC)Kmpc>,homozygote,KMPC,2,2,12,13,211,209,2016-11-22/2016-11-22,Stimulus/equipment config
Krt35,Krt35<em1(IMPC)Kmpc>,homozygote,KMPC,2,3,12,13,211,209,2017-06-27/2017-06-27,Stimulus/equipment config
Lgr5,Lgr5<em1(IMPC)Kmpc>,heterozygote,KMPC,4,3,12,13,211,209,2016-07-04/2016-07-05,Stimulus/equipment config
Mir100,Mir100<em1(IMPC)Kmpc>,homozygote,KMPC,3,2,12,13,211,209,2017-07-06/2017-07-06,Stimulus/equipment config
Romo1,Romo1<em1(IMPC)Kmpc>,heterozygote,KMPC,2,2,12,13,211,209,2016-11-07/2016-11-08,Stimulus/equipment config
Tm4sf5,Tm4sf5<em1(IMPC)Kmpc>,homozygote,KMPC,3,2,12,13,211,209,2017-07-20/2017-07-20,Stimulus/equipment config
Usp16,Usp16<tm1b(EUCOMM)Hmgu>,heterozygote,MARC,3,1,0,0,64,83,2014-12-19/2014-12-19,Stimulus/equipment config
Acadvl,Acadvl<em1(IMPC)H>,homozygote,MRC Harwell,2,2,34,36,442,434,2021-06-01/2021-07-01,Stimulus/equipment config
Acta2,Acta2<em1(IMPC)H>,homozygote,MRC Harwell,2,2,34,36,442,434,2021-06-01/2021-06-01,Stimulus/equipment config
Agbl2,Agbl2<em1(IMPC)H>,homozygote,MRC Harwell,2,2,34,36,442,434,2021-09-13/2021-09-16,Stimulus/equipment config
Bcl2l11,Bcl2l11<em1(IMPC)H>,homozygote,MRC Harwell,2,2,34,36,442,434,2021-04-26/2021-04-26,Stimulus/equipment config
C1d,C1d<em1(IMPC)H>,heterozygote,MRC Harwell,2,2,34,36,442,434,2021-10-25/2021-10-25,Stimulus/equipment config
C1ql3,C1ql3<em1(IMPC)H>,homozygote,MRC Harwell,2,2,34,36,442,434,2021-04-19/2021-04-19,Stimulus/equipment config
C5ar2,C5ar2<em1(IMPC)H>,homozygote,MRC Harwell,2,2,34,36,442,434,2021-12-13/2021-12-13,Stimulus/equipment config
Ccr9,Ccr9<em1(IMPC)H>,homozygote,MRC Harwell,2,1,34,36,442,434,2020-09-29/2020-09-29,Stimulus/equipment config
Cd1d1,Cd1d1<em1(IMPC)H>,homozygote,MRC Harwell,2,2,34,36,442,434,2021-09-27/2021-09-28,Stimulus/equipment config
Cd79a,Cd79a<em1(IMPC)H>,homozygote,MRC Harwell,2,1,34,36,442,434,2021-08-09/2021-09-27,Stimulus/equipment config
Cldn9,Cldn9<em1(IMPC)H>,homozygote,MRC Harwell,2,2,34,36,442,434,2021-09-20/2021-09-21,Stimulus/equipment config
Csf1r,Csf1r<em3(IMPC)H>,heterozygote,MRC Harwell,2,2,34,36,442,434,2021-05-25/2021-05-25,Stimulus/equipment config
Csf3,Csf3<em1(IMPC)H>,homozygote,MRC Harwell,2,2,34,36,442,434,2021-11-22/2021-11-23,Stimulus/equipment config
Ctsz,Ctsz<em1(IMPC)H>,homozygote,MRC Harwell,2,2,34,36,442,434,2021-08-31/2021-09-06,Stimulus/equipment config
Cxcl14,Cxcl14<em1(IMPC)H>,homozygote,MRC Harwell,2,2,34,36,442,434,2021-03-29/2021-03-30,Stimulus/equipment config
Dse,Dse<tm1b(EUCOMM)Hmgu>,heterozygote,MRC Harwell,1,1,34,36,442,434,2019-05-13/2019-05-15,Stimulus/equipment config
Fbn1,Fbn1<em1(IMPC)H>,heterozygote,MRC Harwell,2,2,34,36,442,434,2021-08-02/2021-08-03,Stimulus/equipment config
Fcrl2,Fcrl2<em1(IMPC)H>,homozygote,MRC Harwell,2,2,34,36,442,434,2021-09-07/2021-09-07,Stimulus/equipment config
Fgf17,Fgf17<em1(IMPC)H>,homozygote,MRC Harwell,2,2,34,36,442,434,2022-01-04/2022-01-04,Stimulus/equipment config
Galt,Galt<em1(IMPC)H>,homozygote,MRC Harwell,2,2,34,36,442,434,2021-08-16/2021-08-16,Stimulus/equipment config
Gcg,Gcg<em1(IMPC)H>,homozygote,MRC Harwell,2,2,34,36,442,434,2021-07-06/2021-07-06,Stimulus/equipment config
Gdf5,Gdf5<em1(IMPC)H>,homozygote,MRC Harwell,2,2,34,36,442,434,2021-06-14/2021-06-14,Stimulus/equipment config
Gm2a,Gm2a<em1(IMPC)H>,homozygote,MRC Harwell,2,2,34,36,442,434,2022-01-12/2022-01-12,Stimulus/equipment config
Grn,Grn<em1(IMPC)H>,homozygote,MRC Harwell,2,2,34,36,442,434,2021-08-16/2021-08-17,Stimulus/equipment config
Htt,Htt<em1(IMPC)H>,heterozygote,MRC Harwell,2,2,34,36,442,434,2021-05-17/2021-05-20,Stimulus/equipment config
Irx2,Irx2<em1(IMPC)H>,homozygote,MRC Harwell,2,2,34,36,442,434,2021-08-26/2021-08-26,Stimulus/equipment config
Itgal,Itgal<em1(IMPC)H>,homozygote,MRC Harwell,2,2,34,36,442,434,2021-09-14/2021-11-03,Stimulus/equipment config
Kcnc4,Kcnc4<em1(IMPC)H>,homozygote,MRC Harwell,2,2,34,36,442,434,2021-04-19/2021-04-19,Stimulus/equipment config
Lancl3,Lancl3<em1(IMPC)H>,hemizygote,MRC Harwell,0,2,0,0,442,434,2020-09-15/2020-09-15,Stimulus/equipment config
Lancl3,Lancl3<em1(IMPC)H>,homozygote,MRC Harwell,2,0,0,0,442,434,2020-09-14/2020-09-14,Stimulus/equipment config
Lgals3bp,Lgals3bp<em1(IMPC)H>,homozygote,MRC Harwell,2,2,34,36,442,434,2021-08-31/2021-09-06,Stimulus/equipment config
Man2b1,Man2b1<em1(IMPC)H>,homozygote,MRC Harwell,2,2,34,36,442,434,2021-09-07/2021-09-07,Stimulus/equipment config
Mr1,Mr1<em1(IMPC)H>,homozygote,MRC Harwell,2,2,34,36,442,434,2021-07-06/2021-07-10,Stimulus/equipment config
Mras,Mras<em1(IMPC)H>,homozygote,MRC Harwell,2,2,34,36,442,434,2021-09-14/2021-09-14,Stimulus/equipment config
Mtarc1,Mtarc1<em1(IMPC)H>,homozygote,MRC Harwell,2,2,34,36,442,434,2021-09-20/2021-09-22,Stimulus/equipment config
Nherf1,Nherf1<em1(IMPC)H>,homozygote,MRC Harwell,2,2,34,36,442,434,2021-06-08/2021-06-09,Stimulus/equipment config
Pappa,Pappa<em1(IMPC)H>,homozygote,MRC Harwell,2,2,34,36,442,434,2021-10-19/2021-10-19,Stimulus/equipment config
Pde10a,Pde10a<em1(IMPC)H>,homozygote,MRC Harwell,2,2,34,36,442,434,2021-07-14/2021-07-16,Stimulus/equipment config
Pm20d1,Pm20d1<em1(IMPC)H>,homozygote,MRC Harwell,2,2,34,36,442,434,2022-01-24/2022-01-25,Stimulus/equipment config
Ppp1r15a,Ppp1r15a<em2(IMPC)H>,homozygote,MRC Harwell,2,2,34,36,442,434,2021-10-12/2021-10-12,Stimulus/equipment config
Psd3,Psd3<em1(IMPC)H>,homozygote,MRC Harwell,2,0,34,36,442,434,2019-09-17/2019-09-17,Stimulus/equipment config
Robo3,Robo3<em1(IMPC)H>,heterozygote,MRC Harwell,2,2,34,36,442,434,2020-09-14/2020-09-15,Stimulus/equipment config
Scand1,Scand1<em1(IMPC)H>,homozygote,MRC Harwell,2,2,34,36,442,434,2021-12-06/2021-12-06,Stimulus/equipment config
Scn11a,Scn11a<em1(IMPC)H>,homozygote,MRC Harwell,2,2,34,36,442,434,2019-07-09/2019-07-09,Stimulus/equipment config
Slc7a5,Slc7a5<em1(IMPC)H>,heterozygote,MRC Harwell,2,2,34,36,442,434,2021-09-27/2021-09-28,Stimulus/equipment config
Spag6l,Spag6l<em1(IMPC)H>,heterozygote,MRC Harwell,2,2,34,36,442,434,2021-08-31/2021-09-06,Stimulus/equipment config
Stat6,Stat6<em1(IMPC)H>,heterozygote,MRC Harwell,2,2,34,36,442,434,2021-08-26/2021-08-26,Stimulus/equipment config
Ugcg,Ugcg<em1(IMPC)H>,heterozygote,MRC Harwell,2,2,34,36,442,434,2021-08-09/2021-08-11,Stimulus/equipment config
Vapb,Vapb<em1(IMPC)H>,homozygote,MRC Harwell,0,2,34,36,442,434,2020-04-06/2020-04-07,Stimulus/equipment config
Zcchc12,Zcchc12<em1(IMPC)H>,hemizygote,MRC Harwell,0,2,34,36,442,434,2021-10-07/2021-10-07,Stimulus/equipment config
Zcchc12,Zcchc12<em1(IMPC)H>,homozygote,MRC Harwell,2,0,34,36,442,434,2021-10-05/2021-10-07,Stimulus/equipment config
Zdhhc16,Zdhhc16<tm1b(EUCOMM)Hmgu>,heterozygote,MRC Harwell,2,2,34,36,442,434,2020-10-06/2020-10-06,Stimulus/equipment config
Zic4,Zic4<em1(IMPC)H>,homozygote,MRC Harwell,2,2,34,36,442,434,2021-11-15/2021-11-16,Stimulus/equipment config
Col22a1,Col22a1<em1(IMPC)Rbrc>,homozygote,RBRC,0,4,6,38,6,38,2016-11-07/2016-11-08,Genetic Background control-matching
Katna1,Katna1<em1(IMPC)Rbrc>,heterozygote,RBRC,0,4,6,38,6,38,2016-09-26/2016-09-27,Genetic Background control-matching
Pdyn,Pdyn<em1(IMPC)Rbrc>,homozygote,RBRC,0,4,6,38,6,38,2016-07-04/2016-07-05,Genetic Background control-matching
Pomc,Pomc<em1(IMPC)Rbrc>,heterozygote,RBRC,0,4,6,38,6,38,2016-07-25/2016-07-26,Genetic Background control-matching
Ptprm,Ptprm<em1(IMPC)Rbrc>,homozygote,RBRC,0,4,6,38,6,38,2016-10-31/2016-11-02,Genetic Background control-matching
Rlim,Rlim<em1(IMPC)Rbrc>,hemizygote,RBRC,0,4,6,38,6,38,2016-12-12/2016-12-13,Genetic Background control-matching
Sec24d,Sec24d<em1(IMPC)Rbrc>,heterozygote,RBRC,0,4,6,38,6,38,2016-10-17/2016-10-18,Genetic Background control-matching
Tfr2,Tfr2<em1(IMPC)Rbrc>,homozygote,RBRC,0,4,6,38,6,38,2016-09-05/2016-09-06,Genetic Background control-matching
1700003F12Rik,1700003F12Rik<tm1.1(KOMP)Vlcg>,heterozygote,TCP,2,2,50,50,295,293,2013-12-06/2013-12-06,Time-based control-matching
Acvr1b,Acvr1b<tm1.1(KOMP)Vlcg>,heterozygote,TCP,2,2,50,50,295,293,2013-07-03/2013-07-03,Time-based control-matching
Acvr2a,Acvr2a<tm1.1(KOMP)Vlcg>,heterozygote,TCP,2,2,50,50,295,293,2014-05-06/2014-05-22,Time-based control-matching
Acvr2a,Acvr2a<tm1.1(KOMP)Vlcg>,homozygote,TCP,2,0,50,50,295,293,2014-05-06/2014-05-22,Time-based control-matching
Ampd1,Ampd1<tm1b(KOMP)Wtsi>,heterozygote,TCP,2,2,50,50,295,293,2013-08-06/2013-08-08,Time-based control-matching
Ampd1,Ampd1<tm1b(KOMP)Wtsi>,homozygote,TCP,1,1,50,50,295,293,2013-08-08/2013-08-08,Time-based control-matching
Casq2,Casq2<tm1b(KOMP)Wtsi>,heterozygote,TCP,2,2,50,50,295,293,2014-06-26/2014-06-26,Time-based control-matching
Cbx4,Cbx4<tm1.1(KOMP)Vlcg>,heterozygote,TCP,2,2,50,50,295,293,2014-01-21/2014-01-31,Time-based control-matching
Cdc7,Cdc7<tm1.1(KOMP)Vlcg>,heterozygote,TCP,2,2,50,50,295,293,2016-06-23/2016-06-28,Time-based control-matching
Chchd1,Chchd1<tm1.1(KOMP)Vlcg>,heterozygote,TCP,2,2,50,50,295,293,2016-05-11/2016-05-11,Time-based control-matching
Cox4i1,Cox4i1<tm1.1(KOMP)Vlcg>,heterozygote,TCP,2,2,50,50,295,293,2013-08-13/2013-09-05,Time-based control-matching
Crispld2,Crispld2<tm1.1(KOMP)Vlcg>,heterozygote,TCP,2,2,50,50,295,293,2014-07-17/2014-07-23,Time-based control-matching
Ddost,Ddost<tm1.1(KOMP)Vlcg>,heterozygote,TCP,2,2,50,50,295,293,2013-05-06/2013-05-09,Time-based control-matching
Ddx41,Ddx41<tm1b(KOMP)Wtsi>,heterozygote,TCP,2,2,50,50,295,293,2014-03-13/2014-03-24,Time-based control-matching
Dnal1,Dnal1<tm1.1(KOMP)Vlcg>,heterozygote,TCP,3,2,50,50,295,293,2016-04-21/2016-05-18,Time-based control-matching
Exoc8,Exoc8<tm1.1(KOMP)Vlcg>,heterozygote,TCP,2,2,50,50,295,293,2014-04-02/2014-04-02,Time-based control-matching
Eya4,Eya4<tm1b(KOMP)Wtsi>,heterozygote,TCP,2,2,50,50,295,293,2014-01-21/2014-01-21,Time-based control-matching
Fadd,Fadd<tm1e.1(KOMP)Wtsi>,heterozygote,TCP,2,2,50,50,295,293,2013-12-04/2013-12-04,Time-based control-matching
Fgfr1,Fgfr1<tm1.1(KOMP)Vlcg>,heterozygote,TCP,2,2,50,50,295,293,2015-04-28/2015-05-20,Time-based control-matching
Fus,Fus<tm1.1(KOMP)Vlcg>,heterozygote,TCP,2,2,50,50,295,293,2013-08-30/2013-08-30,Time-based control-matching
Gng13,Gng13<tm1.1(KOMP)Vlcg>,heterozygote,TCP,2,2,50,50,295,293,2013-12-18/2013-12-19,Time-based control-matching
Gng13,Gng13<tm1.1(KOMP)Vlcg>,homozygote,TCP,3,0,50,50,295,293,2013-12-19/2014-01-07,Time-based control-matching
Gpc2,Gpc2<tm1.1(KOMP)Vlcg>,heterozygote,TCP,2,2,50,50,295,293,2014-01-07/2014-01-10,Time-based control-matching
Gpc2,Gpc2<tm1.1(KOMP)Vlcg>,homozygote,TCP,2,1,50,50,295,293,2014-01-07/2014-01-10,Time-based control-matching
Gtpbp2,Gtpbp2<tm1b(KOMP)Mbp>,heterozygote,TCP,2,2,50,50,295,293,2013-08-16/2013-08-20,Time-based control-matching
Gtpbp2,Gtpbp2<tm1b(KOMP)Mbp>,homozygote,TCP,2,2,50,50,295,293,2013-08-13/2013-08-20,Time-based control-matching
Lypd3,Lypd3<tm1.1(KOMP)Vlcg>,heterozygote,TCP,2,2,50,50,295,293,2014-04-09/2014-04-10,Time-based control-matching
Lypd3,Lypd3<tm1.1(KOMP)Vlcg>,homozygote,TCP,2,2,50,50,295,293,2014-04-10/2014-04-16,Time-based control-matching
Nabp2,Nabp2<tm1b(KOMP)Wtsi>,heterozygote,TCP,2,2,50,50,295,293,2014-08-21/2014-09-04,Time-based control-matching
Nobox,Nobox<tm1.1(KOMP)Vlcg>,heterozygote,TCP,2,2,50,50,295,293,2015-04-01/2015-04-09,Time-based control-matching
Nobox,Nobox<tm1.1(KOMP)Vlcg>,homozygote,TCP,0,2,50,50,295,293,2015-04-28/2015-04-28,Time-based control-matching
Pex26,Pex26<tm1.1(KOMP)Vlcg>,heterozygote,TCP,2,2,50,50,295,293,2014-05-22/2014-05-22,Time-based control-matching
Pnn,Pnn<tm1.1(KOMP)Vlcg>,heterozygote,TCP,2,2,50,50,295,293,2014-08-27/2014-09-10,Time-based control-matching
Ptpmt1,Ptpmt1<tm1.1(KOMP)Vlcg>,heterozygote,TCP,2,2,50,50,295,293,2013-12-18/2013-12-19,Time-based control-matching
Rhbdl1,Rhbdl1<tm1.1(KOMP)Vlcg>,heterozygote,TCP,2,2,50,50,295,293,2014-07-30/2014-08-08,Time-based control-matching
Rnf20,Rnf20<tm1.1(KOMP)Vlcg>,heterozygote,TCP,2,2,50,50,295,293,2013-09-27/2013-09-27,Time-based control-matching
Rsad1,Rsad1<tm1.1(KOMP)Vlcg>,heterozygote,TCP,2,2,50,50,295,293,2013-06-25/2013-06-26,Time-based control-matching
Rsad1,Rsad1<tm1.1(KOMP)Vlcg>,homozygote,TCP,2,2,50,50,295,293,2013-06-25/2013-06-26,Time-based control-matching
Rsph9,Rsph9<tm1.1(KOMP)Vlcg>,heterozygote,TCP,2,2,50,50,295,293,2014-02-06/2014-02-11,Time-based control-matching
Skida1,Skida1<tm1.1(KOMP)Wtsi>,heterozygote,TCP,2,2,50,50,295,293,2013-06-19/2013-06-20,Time-based control-matching
Skida1,Skida1<tm1.1(KOMP)Wtsi>,homozygote,TCP,1,1,50,50,295,293,2013-06-20/2013-06-20,Time-based control-matching
Slc52a2,Slc52a2<tm1.1(KOMP)Vlcg>,heterozygote,TCP,2,2,50,50,295,293,2013-05-16/2013-05-21,Time-based control-matching
Sufu,Sufu<tm1b(KOMP)Wtsi>,heterozygote,TCP,2,2,50,50,295,293,2015-06-01/2015-12-08,Time-based control-matching
Tbx4,Tbx4<tm4b(EUCOMM)Wtsi>,heterozygote,TCP,2,2,50,50,295,293,2014-04-29/2014-04-29,Time-based control-matching
Tgfb3,Tgfb3<tm1.1(KOMP)Vlcg>,heterozygote,TCP,2,2,50,50,295,293,2016-03-15/2016-03-22,Time-based control-matching
Tmem100,Tmem100<tm1e.1(KOMP)Wtsi>,heterozygote,TCP,2,2,50,50,295,293,2014-01-02/2014-01-03,Time-based control-matching
Tnni2,Tnni2<tm1.1(KOMP)Vlcg>,heterozygote,TCP,2,2,50,50,295,293,2016-04-20/2016-04-21,Time-based control-matching
Vps13d,Vps13d<tm1e.1(KOMP)Wtsi>,heterozygote,TCP,2,2,50,50,295,293,2014-01-03/2014-01-03,Time-based control-matching
Vps25,Vps25<tm1.1(KOMP)Vlcg>,heterozygote,TCP,2,2,50,50,295,293,2014-03-07/2014-03-12,Time-based control-matching
Washc3,Washc3<tm1.1(KOMP)Vlcg>,heterozygote,TCP,2,2,50,50,295,293,2016-03-09/2016-03-15,Time-based control-matching