gene_symbol,allele_symbol,zygosity,phenotyping_center,n_mutants,n_males,n_females,genetic_background,pipeline_name,n_controls
Cap2,Cap2<tm1b(EUCOMM)Wtsi>,heterozygote,HMGU,6,2,4,involves: C57BL/6NTac,German Mouse Clinic,80
Car4,Car4<tm1b(EUCOMM)Wtsi>,heterozygote,HMGU,8,4,4,involves: C57BL/6NTac,German Mouse Clinic,80
Cdkal1,Cdkal1<tm2b(EUCOMM)Wtsi>,homozygote,HMGU,5,3,2,involves: C57BL/6NTac,German Mouse Clinic,80
Dpp9,Dpp9<tm1b(EUCOMM)Hmgu>,heterozygote,HMGU,8,4,4,involves: C57BL/6NTac,German Mouse Clinic,80
Eef2kmt,Eef2kmt<tm1b(EUCOMM)Wtsi>,homozygote,HMGU,8,4,4,involves: C57BL/6NTac,German Mouse Clinic,80
Efna5,Efna5<tm1b(EUCOMM)Wtsi>,homozygote,HMGU,8,4,4,involves: C57BL/6NTac,German Mouse Clinic,80
Hsf2bp,Hsf2bp<tm1b(EUCOMM)Hmgu>,homozygote,HMGU,5,3,2,involves: C57BL/6NTac,German Mouse Clinic,80
Klkb1,Klkb1<tm1b(EUCOMM)Wtsi>,homozygote,HMGU,8,4,4,involves: C57BL/6NTac,German Mouse Clinic,80
Mybbp1a,Mybbp1a<tm1b(EUCOMM)Hmgu>,heterozygote,HMGU,6,2,4,involves: C57BL/6NTac,German Mouse Clinic,80
Ndfip2,Ndfip2<tm1b(EUCOMM)Hmgu>,homozygote,HMGU,8,4,4,involves: C57BL/6NTac,German Mouse Clinic,80
P2rx7,P2rx7<tm1b(EUCOMM)Wtsi>,homozygote,HMGU,8,4,4,involves: C57BL/6NTac,German Mouse Clinic,80
Pla2g10,Pla2g10<tm1b(EUCOMM)Hmgu>,homozygote,HMGU,7,3,4,involves: C57BL/6NTac,German Mouse Clinic,80
Rxfp2,Rxfp2<tm1b(EUCOMM)Wtsi>,homozygote,HMGU,8,4,4,involves: C57BL/6NTac,German Mouse Clinic,80
Wsb2,Wsb2<tm1b(EUCOMM)Hmgu>,homozygote,HMGU,4,2,2,involves: C57BL/6NTac,German Mouse Clinic,80
Adh5,Adh5<tm1b(EUCOMM)Wtsi>,homozygote,MRC Harwell,4,2,2,involves: C57BL/6NTac,Harwell,400
Agl,Agl<tm1b(EUCOMM)Wtsi>,heterozygote,MRC Harwell,4,2,2,involves: C57BL/6NTac,Harwell,400
Agl,Agl<tm1b(EUCOMM)Wtsi>,homozygote,MRC Harwell,4,2,2,involves: C57BL/6NTac,Harwell,400
Ap3s2,Ap3s2<tm1b(EUCOMM)Hmgu>,homozygote,MRC Harwell,4,2,2,involves: C57BL/6NTac,Harwell,400
Atg3,Atg3<tm1b(EUCOMM)Hmgu>,heterozygote,MRC Harwell,4,2,2,involves: C57BL/6NTac,Harwell,400
Barx2,Barx2<tm1b(EUCOMM)Hmgu>,homozygote,MRC Harwell,4,2,2,involves: C57BL/6NTac,Harwell,400
Boc,Boc<tm1b(KOMP)Wtsi>,homozygote,MRC Harwell,4,2,2,involves: C57BL/6NTac,Harwell,400
Bpifb3,Bpifb3<tm1b(EUCOMM)Hmgu>,homozygote,MRC Harwell,4,2,2,involves: C57BL/6NTac,Harwell,400
Btrc,Btrc<tm1b(KOMP)Wtsi>,homozygote,MRC Harwell,4,2,2,involves: C57BL/6NTac,Harwell,400
C1rl,C1rl<tm1b(EUCOMM)Hmgu>,homozygote,MRC Harwell,4,2,2,involves: C57BL/6NTac,Harwell,400
Clstn1,Clstn1<tm1b(EUCOMM)Hmgu>,homozygote,MRC Harwell,4,2,2,involves: C57BL/6NTac,Harwell,400
Clu,Clu<tm1b(EUCOMM)Hmgu>,homozygote,MRC Harwell,4,2,2,involves: C57BL/6NTac,Harwell,400
Col4a3,Col4a3<tm1b(EUCOMM)Wtsi>,homozygote,MRC Harwell,4,2,2,involves: C57BL/6NTac,Harwell,400
Col4a5,Col4a5<tm1b(EUCOMM)Wtsi>,hemizygote,MRC Harwell,3,3,0,involves: C57BL/6NTac,Harwell,400
Col4a5,Col4a5<tm1b(EUCOMM)Wtsi>,homozygote,MRC Harwell,2,0,2,involves: C57BL/6NTac,Harwell,400
Creld2,Creld2<tm1b(EUCOMM)Hmgu>,homozygote,MRC Harwell,4,2,2,involves: C57BL/6NTac,Harwell,400
Cttn,Cttn<tm1b(EUCOMM)Hmgu>,homozygote,MRC Harwell,4,2,2,involves: C57BL/6NTac,Harwell,400
Cyp2e1,Cyp2e1<tm1b(KOMP)Wtsi>,homozygote,MRC Harwell,4,2,2,involves: C57BL/6NTac,Harwell,400
Dapk1,Dapk1<tm1b(EUCOMM)Hmgu>,homozygote,MRC Harwell,4,2,2,involves: C57BL/6NTac,Harwell,400
Dnase1l2,Dnase1l2<tm1.1(KOMP)Wtsi>,homozygote,MRC Harwell,4,2,2,involves: C57BL/6NTac,Harwell,400
Eaf1,Eaf1<tm1b(EUCOMM)Wtsi>,heterozygote,MRC Harwell,4,2,2,involves: C57BL/6NTac,Harwell,400
Elmod1,Elmod1<tm1b(EUCOMM)Hmgu>,homozygote,MRC Harwell,4,2,2,involves: C57BL/6NTac,Harwell,400
Esyt3,Esyt3<tm1b(EUCOMM)Wtsi>,homozygote,MRC Harwell,4,2,2,involves: C57BL/6NTac,Harwell,400
Fabp1,Fabp1<tm1b(EUCOMM)Hmgu>,homozygote,MRC Harwell,4,2,2,involves: C57BL/6NTac,Harwell,400
Fam151b,Fam151b<tm1b(EUCOMM)Hmgu>,homozygote,MRC Harwell,4,2,2,involves: C57BL/6NTac,Harwell,400
Fcgbp,Fcgbp<tm1b(EUCOMM)Wtsi>,homozygote,MRC Harwell,4,2,2,involves: C57BL/6NTac,Harwell,400
Fgf10,Fgf10<tm1b(EUCOMM)Wtsi>,heterozygote,MRC Harwell,4,2,2,involves: C57BL/6NTac,Harwell,400
Fgf22,Fgf22<tm1b(EUCOMM)Hmgu>,homozygote,MRC Harwell,4,2,2,involves: C57BL/6NTac,Harwell,400
Firrm,Firrm<tm1b(EUCOMM)Hmgu>,heterozygote,MRC Harwell,4,2,2,involves: C57BL/6NTac,Harwell,400
Frs2,Frs2<tm1b(EUCOMM)Wtsi>,heterozygote,MRC Harwell,4,2,2,involves: C57BL/6NTac,Harwell,400
Furin,Furin<tm1b(EUCOMM)Wtsi>,heterozygote,MRC Harwell,4,2,2,involves: C57BL/6NTac,Harwell,400
Gosr2,Gosr2<tm1b(EUCOMM)Hmgu>,heterozygote,MRC Harwell,4,2,2,involves: C57BL/6NTac,Harwell,400
Gpr22,Gpr22<tm1b(KOMP)Wtsi>,homozygote,MRC Harwell,4,2,2,involves: C57BL/6NTac,Harwell,400
Gpr33,Gpr33<tm1b(EUCOMM)Hmgu>,homozygote,MRC Harwell,4,2,2,involves: C57BL/6NTac,Harwell,400
Grm6,Grm6<tm1b(EUCOMM)Wtsi>,homozygote,MRC Harwell,4,2,2,involves: C57BL/6NTac,Harwell,400
Hace1,Hace1<tm1b(KOMP)Wtsi>,heterozygote,MRC Harwell,4,2,2,involves: C57BL/6NTac,Harwell,400
Hectd2,Hectd2<tm1b(KOMP)Wtsi>,homozygote,MRC Harwell,4,2,2,involves: C57BL/6NTac,Harwell,400
Igfbp3,Igfbp3<tm1b(KOMP)Wtsi>,homozygote,MRC Harwell,4,2,2,involves: C57BL/6NTac,Harwell,400
Il17rd,Il17rd<tm1b(EUCOMM)Hmgu>,homozygote,MRC Harwell,4,2,2,involves: C57BL/6NTac,Harwell,400
Itga2,Itga2<tm1b(EUCOMM)Hmgu>,homozygote,MRC Harwell,4,2,2,involves: C57BL/6NTac,Harwell,400
Kdm8,Kdm8<tm1b(EUCOMM)Wtsi>,heterozygote,MRC Harwell,4,2,2,involves: C57BL/6NTac,Harwell,400
Klf7,Klf7<tm1b(EUCOMM)Hmgu>,heterozygote,MRC Harwell,4,2,2,involves: C57BL/6NTac,Harwell,400
Klhdc2,Klhdc2<tm1b(EUCOMM)Hmgu>,heterozygote,MRC Harwell,4,2,2,involves: C57BL/6NTac,Harwell,400
Lamb3,Lamb3<tm1b(KOMP)Wtsi>,homozygote,MRC Harwell,4,2,2,involves: C57BL/6NTac,Harwell,400
Lgals3,Lgals3<tm1b(EUCOMM)Wtsi>,homozygote,MRC Harwell,4,2,2,involves: C57BL/6NTac,Harwell,400
Lifr,Lifr<tm1b(EUCOMM)Hmgu>,heterozygote,MRC Harwell,4,2,2,involves: C57BL/6NTac,Harwell,400
Map3k7,Map3k7<tm1b(EUCOMM)Wtsi>,heterozygote,MRC Harwell,4,2,2,involves: C57BL/6NTac,Harwell,400
Mapkapk2,Mapkapk2<tm1b(EUCOMM)Hmgu>,homozygote,MRC Harwell,4,2,2,involves: C57BL/6NTac,Harwell,400
Mapkbp1,Mapkbp1<tm1b(EUCOMM)Hmgu>,homozygote,MRC Harwell,4,2,2,involves: C57BL/6NTac,Harwell,400
Mllt3,Mllt3<tm1b(EUCOMM)Hmgu>,heterozygote,MRC Harwell,4,2,2,involves: C57BL/6NTac,Harwell,400
Mmp16,Mmp16<tm1b(EUCOMM)Wtsi>,homozygote,MRC Harwell,4,2,2,involves: C57BL/6NTac,Harwell,400
Mmrn1,Mmrn1<tm1b(EUCOMM)Hmgu>,homozygote,MRC Harwell,4,2,2,involves: C57BL/6NTac,Harwell,400
Mpo,Mpo<tm1b(KOMP)Wtsi>,homozygote,MRC Harwell,4,2,2,involves: C57BL/6NTac,Harwell,400
Mtch2,Mtch2<tm1b(EUCOMM)Hmgu>,heterozygote,MRC Harwell,4,2,2,involves: C57BL/6NTac,Harwell,400
Mxra7,Mxra7<tm1b(EUCOMM)Wtsi>,homozygote,MRC Harwell,4,2,2,involves: C57BL/6NTac,Harwell,400
Nptn,Nptn<tm1b(EUCOMM)Hmgu>,homozygote,MRC Harwell,4,2,2,involves: C57BL/6NTac,Harwell,400
Nxn,Nxn<tm1b(EUCOMM)Wtsi>,heterozygote,MRC Harwell,4,2,2,involves: C57BL/6NTac,Harwell,400
Otub1,Otub1<tm1b(EUCOMM)Hmgu>,heterozygote,MRC Harwell,4,2,2,involves: C57BL/6NTac,Harwell,400
P2rx6,P2rx6<tm2b(EUCOMM)Wtsi>,homozygote,MRC Harwell,4,2,2,involves: C57BL/6NTac,Harwell,400
Pbx3,Pbx3<tm1b(EUCOMM)Wtsi>,heterozygote,MRC Harwell,4,2,2,involves: C57BL/6NTac,Harwell,400
Pdpn,Pdpn<tm1b(EUCOMM)Wtsi>,heterozygote,MRC Harwell,4,2,2,involves: C57BL/6NTac,Harwell,400
Pdpn,Pdpn<tm1b(EUCOMM)Wtsi>,homozygote,MRC Harwell,1,0,1,involves: C57BL/6NTac,Harwell,400
Pkd1l2,Pkd1l2<tm1b(KOMP)Mbp>,homozygote,MRC Harwell,4,2,2,involves: C57BL/6NTac,Harwell,400
Poln,Poln<tm1b(EUCOMM)Hmgu>,homozygote,MRC Harwell,4,2,2,involves: C57BL/6NTac,Harwell,400
Prdm4,Prdm4<tm1b(EUCOMM)Hmgu>,homozygote,MRC Harwell,5,2,3,involves: C57BL/6NTac,Harwell,400
Prkab1,Prkab1<tm1b(KOMP)Wtsi>,homozygote,MRC Harwell,8,2,6,involves: C57BL/6NTac,Harwell,400
Retreg3,Retreg3<tm2b(EUCOMM)Wtsi>,homozygote,MRC Harwell,4,2,2,involves: C57BL/6NTac,Harwell,400
Rhbdl3,Rhbdl3<tm1b(EUCOMM)Wtsi>,heterozygote,MRC Harwell,4,2,2,involves: C57BL/6NTac,Harwell,400
Rhbdl3,Rhbdl3<tm1b(EUCOMM)Wtsi>,homozygote,MRC Harwell,5,3,2,involves: C57BL/6NTac,Harwell,400
Ric8b,Ric8b<tm1b(EUCOMM)Hmgu>,heterozygote,MRC Harwell,4,2,2,involves: C57BL/6NTac,Harwell,400
Rlbp1,Rlbp1<tm1b(EUCOMM)Hmgu>,homozygote,MRC Harwell,3,2,1,involves: C57BL/6NTac,Harwell,400
Rnf10,Rnf10<tm1b(KOMP)Wtsi>,homozygote,MRC Harwell,4,2,2,involves: C57BL/6NTac,Harwell,400
Rnf183,Rnf183<tm1b(KOMP)Wtsi>,homozygote,MRC Harwell,4,2,2,involves: C57BL/6NTac,Harwell,400
Rsbn1,Rsbn1<tm1b(EUCOMM)Wtsi>,heterozygote,MRC Harwell,4,2,2,involves: C57BL/6NTac,Harwell,400
Rtn1,Rtn1<tm1b(KOMP)Wtsi>,homozygote,MRC Harwell,4,2,2,involves: C57BL/6NTac,Harwell,400
Scnn1b,Scnn1b<tm1b(EUCOMM)Hmgu>,heterozygote,MRC Harwell,4,2,2,involves: C57BL/6NTac,Harwell,400
Sirt1,Sirt1<tm1b(EUCOMM)Wtsi>,heterozygote,MRC Harwell,4,2,2,involves: C57BL/6NTac,Harwell,400
Sirt1,Sirt1<tm1b(EUCOMM)Wtsi>,homozygote,MRC Harwell,2,2,0,involves: C57BL/6NTac,Harwell,400
Sirt4,Sirt4<tm1b(EUCOMM)Hmgu>,homozygote,MRC Harwell,4,2,2,involves: C57BL/6NTac,Harwell,400
Slc39a8,Slc39a8<tm1b(EUCOMM)Wtsi>,heterozygote,MRC Harwell,4,2,2,involves: C57BL/6NTac,Harwell,400
Slc40a1,Slc40a1<tm1b(EUCOMM)Hmgu>,heterozygote,MRC Harwell,4,2,2,involves: C57BL/6NTac,Harwell,400
Smoc1,Smoc1<tm1b(EUCOMM)Wtsi>,heterozygote,MRC Harwell,4,2,2,involves: C57BL/6NTac,Harwell,400
Smoc1,Smoc1<tm1b(EUCOMM)Wtsi>,homozygote,MRC Harwell,3,1,2,involves: C57BL/6NTac,Harwell,400
Stard10,Stard10<tm1b(KOMP)Wtsi>,homozygote,MRC Harwell,4,2,2,involves: C57BL/6NTac,Harwell,400
Ube2e2,Ube2e2<tm1b(KOMP)Wtsi>,homozygote,MRC Harwell,4,2,2,involves: C57BL/6NTac,Harwell,400
Usp22,Usp22<tm1b(KOMP)Wtsi>,heterozygote,MRC Harwell,4,2,2,involves: C57BL/6NTac,Harwell,400
Usp3,Usp3<tm1b(EUCOMM)Wtsi>,heterozygote,MRC Harwell,4,2,2,involves: C57BL/6NTac,Harwell,400
1110059G10Rik,1110059G10Rik<tm1a(KOMP)Wtsi>,homozygote,WTSI,4,4,0,involves: C57BL/6N,MGP Select Pipeline,960
1500011B03Rik,1500011B03Rik<tm2(KOMP)Wtsi>,homozygote,WTSI,4,4,0,involves: C57BL/6N,MGP Select Pipeline,960
1700008O03Rik,1700008O03Rik<tm1a(KOMP)Wtsi>,homozygote,WTSI,4,0,4,involves: C57BL/6N,MGP Select Pipeline,960
1700029H14Rik,1700029H14Rik<tm2b(KOMP)Wtsi>,homozygote,WTSI,4,2,2,involves: C57BL/6N,MGP Select Pipeline,960
1700034J05Rik,1700034J05Rik<tm1a(KOMP)Wtsi>,homozygote,WTSI,4,2,2,involves: C57BL/6N,MGP Select Pipeline,960
1700067K01Rik,1700067K01Rik<tm2a(KOMP)Wtsi>,heterozygote,WTSI,4,0,4,involves: C57BL/6N,MGP Select Pipeline,960
1700123O20Rik,1700123O20Rik<tm1a(EUCOMM)Wtsi>,homozygote,WTSI,4,4,0,involves: C57BL/6N,MGP Select Pipeline,960
2610318N02Rik,2610318N02Rik<tm1b(EUCOMM)Wtsi>,homozygote,WTSI,4,2,2,involves: C57BL/6N,MGP Select Pipeline,960
3300002A11Rik,3300002A11Rik<tm1a(KOMP)Wtsi>,homozygote,WTSI,4,1,3,involves: C57BL/6N,MGP Select Pipeline,960
4921536K21Rik,4921536K21Rik<tm1a(KOMP)Wtsi>,homozygote,WTSI,8,3,5,involves: C57BL/6N,MGP Select Pipeline,960
4930404H24Rik,4930404H24Rik<tm1a(KOMP)Wtsi>,homozygote,WTSI,5,5,0,involves: C57BL/6N,MGP Select Pipeline,960
4930449E01Rik,4930449E01Rik<tm1a(KOMP)Wtsi>,homozygote,WTSI,4,4,0,involves: C57BL/6N,MGP Select Pipeline,960
4930590J08Rik,4930590J08Rik<tm1a(EUCOMM)Wtsi>,homozygote,WTSI,4,4,0,involves: C57BL/6N,MGP Select Pipeline,960
4930591A17Rik,4930591A17Rik<tm1a(KOMP)Wtsi>,homozygote,WTSI,4,0,4,involves: C57BL/6N,MGP Select Pipeline,960
4931429L15Rik,4931429L15Rik<tm1a(EUCOMM)Wtsi>,homozygote,WTSI,4,3,1,involves: C57BL/6N,MGP Select Pipeline,960
4933402N03Rik,4933402N03Rik<tm2a(KOMP)Wtsi>,homozygote,WTSI,4,4,0,involves: C57BL/6N,MGP Select Pipeline,960
4933434E20Rik,4933434E20Rik<tm1a(EUCOMM)Wtsi>,heterozygote,WTSI,9,5,4,involves: C57BL/6N,MGP Select Pipeline,960
A430005L14Rik,A430005L14Rik<tm1a(KOMP)Wtsi>,homozygote,WTSI,7,7,0,involves: C57BL/6N,MGP Select Pipeline,960
A830019P07Rik,A830019P07Rik<tm1a(KOMP)Wtsi>,homozygote,WTSI,4,1,3,involves: C57BL/6N,MGP Select Pipeline,960
A930004D18Rik,A930004D18Rik<tm1a(EUCOMM)Wtsi>,homozygote,WTSI,3,3,0,involves: C57BL/6N,MGP Select Pipeline,960
Abca4,Abca4<tm1a(EUCOMM)Wtsi>,homozygote,WTSI,4,3,1,involves: C57BL/6N,MGP Select Pipeline,960
Abcb6,Abcb6<tm1a(KOMP)Wtsi>,homozygote,WTSI,4,4,0,involves: C57BL/6N,MGP Select Pipeline,960
Abhd14a,Abhd14a<tm2a(EUCOMM)Wtsi>,homozygote,WTSI,4,2,2,involves: C57BL/6N,MGP Select Pipeline,960
Abhd17a,Abhd17a<tm1a(KOMP)Wtsi>,homozygote,WTSI,8,5,3,involves: C57BL/6N,MGP Select Pipeline,960
Abraxas2,Abraxas2<tm1a(EUCOMM)Wtsi>,homozygote,WTSI,5,5,0,involves: C57BL/6N,MGP Select Pipeline,960
Abtb2,Abtb2<tm1a(KOMP)Wtsi>,homozygote,WTSI,5,3,2,involves: C57BL/6N,MGP Select Pipeline,960
Acaa1a,Acaa1a<tm1a(KOMP)Wtsi>,homozygote,WTSI,4,3,1,involves: C57BL/6N,MGP Select Pipeline,960
Acbd5,Acbd5<tm1b(EUCOMM)Wtsi>,homozygote,WTSI,4,4,0,involves: C57BL/6N,MGP Select Pipeline,960
Acer1,Acer1<tm1a(EUCOMM)Wtsi>,homozygote,WTSI,4,0,4,involves: C57BL/6N,MGP Select Pipeline,960
Acot5,Acot5<tm1a(KOMP)Wtsi>,homozygote,WTSI,4,0,4,involves: C57BL/6N,MGP Select Pipeline,960
Acsl4,Acsl4<tm1a(EUCOMM)Wtsi>,homozygote,WTSI,3,0,3,involves: B6Brd;B6Dnk;B6N-Tyr<c-Brd>,MGP Select Pipeline,960
Actl10,Actl10<tm1a(EUCOMM)Wtsi>,homozygote,WTSI,4,0,4,involves: C57BL/6N,MGP Select Pipeline,960
Actn4,Actn4<tm1a(EUCOMM)Wtsi>,heterozygote,WTSI,4,3,1,involves: C57BL/6N,MGP Select Pipeline,960
Actr6,Actr6<tm1a(EUCOMM)Wtsi>,heterozygote,WTSI,4,0,4,involves: C57BL/6N,MGP Select Pipeline,960
Adal,Adal<tm1a(EUCOMM)Wtsi>,homozygote,WTSI,4,3,1,involves: C57BL/6N,MGP Select Pipeline,960
Adamts19,Adamts19<tm4a(EUCOMM)Wtsi>,homozygote,WTSI,4,2,2,involves: C57BL/6N,MGP Select Pipeline,960
Adamts3,Adamts3<tm1b(KOMP)Wtsi>,heterozygote,WTSI,4,1,3,involves: C57BL/6N,MGP Select Pipeline,960
Adap1,Adap1<tm1a(EUCOMM)Wtsi>,homozygote,WTSI,4,3,1,involves: C57BL/6N,MGP Select Pipeline,960
Adcy2,Adcy2<tm1a(KOMP)Wtsi>,homozygote,WTSI,4,2,2,involves: C57BL/6N,MGP Select Pipeline,960
Adcy9,Adcy9<tm1b(EUCOMM)Wtsi>,heterozygote,WTSI,4,2,2,involves: C57BL/6N,MGP Select Pipeline,960
Adgrb1,Adgrb1<tm2a(EUCOMM)Wtsi>,heterozygote,WTSI,4,2,2,involves: C57BL/6N,MGP Select Pipeline,960
Adgrb1,Adgrb1<tm2a(EUCOMM)Wtsi>,homozygote,WTSI,8,6,2,involves: C57BL/6N,MGP Select Pipeline,960
Adgrd1,Adgrd1<tm1b(EUCOMM)Wtsi>,homozygote,WTSI,4,1,3,involves: C57BL/6N,MGP Select Pipeline,960
Adpgk,Adpgk<tm2a(EUCOMM)Wtsi>,homozygote,WTSI,6,1,5,involves: C57BL/6N,MGP Select Pipeline,960
Aff3,Aff3<tm1a(EUCOMM)Wtsi>,heterozygote,WTSI,4,4,0,involves: C57BL/6N,MGP Select Pipeline,960
Aff3,Aff3<tm1a(EUCOMM)Wtsi>,homozygote,WTSI,10,5,5,involves: C57BL/6N,MGP Select Pipeline,960
Agap1,Agap1<tm1a(EUCOMM)Wtsi>,homozygote,WTSI,9,8,1,involves: C57BL/6N,MGP Select Pipeline,960
Ago3,Ago3<tm1a(KOMP)Wtsi>,homozygote,WTSI,4,4,0,involves: C57BL/6N,MGP Select Pipeline,960
Ahcyl1,Ahcyl1<tm1a(EUCOMM)Wtsi>,homozygote,WTSI,4,4,0,involves: C57BL/6N,MGP Select Pipeline,960
Aicda,Aicda<tm1b(EUCOMM)Hmgu>,homozygote,WTSI,4,2,2,involves: C57BL/6N,MGP Select Pipeline,960
Aldh16a1,Aldh16a1<tm1a(EUCOMM)Wtsi>,homozygote,WTSI,5,3,2,involves: C57BL/6N,MGP Select Pipeline,960
Aldh1b1,Aldh1b1<tm2a(EUCOMM)Wtsi>,heterozygote,WTSI,3,0,3,involves: C57BL/6N,MGP Select Pipeline,960
Aldh1b1,Aldh1b1<tm2a(EUCOMM)Wtsi>,homozygote,WTSI,4,0,4,involves: C57BL/6N,MGP Select Pipeline,960
Aldh3b1,Aldh3b1<tm1b(EUCOMM)Wtsi>,homozygote,WTSI,4,4,0,involves: C57BL/6N,MGP Select Pipeline,960
Alg13,Alg13<tm1a(KOMP)Wtsi>,hemizygote,WTSI,4,4,0,involves: C57BL/6N,MGP Select Pipeline,960
Alg13,Alg13<tm1a(KOMP)Wtsi>,homozygote,WTSI,4,0,4,involves: C57BL/6N,MGP Select Pipeline,960
Alox12e,Alox12e<tm1b(EUCOMM)Wtsi>,homozygote,WTSI,4,2,2,involves: C57BL/6N,MGP Select Pipeline,960
Alpk1,Alpk1<em1(IMPC)Wtsi>,homozygote,WTSI,4,4,0,involves: C57BL/6N,MGP Select Pipeline,960
Amz2,Amz2<tm1e(KOMP)Wtsi>,homozygote,WTSI,4,0,4,involves: C57BL/6N,MGP Select Pipeline,960
Ankhd1,Ankhd1<tm1a(KOMP)Wtsi>,homozygote,WTSI,2,2,0,involves: C57BL/6N,MGP Select Pipeline,960
Ankrd13d,Ankrd13d<tm2a(KOMP)Wtsi>,homozygote,WTSI,5,5,0,involves: C57BL/6N,MGP Select Pipeline,960
Ankrd6,Ankrd6<tm1.1(KOMP)Wtsi>,homozygote,WTSI,4,4,0,involves: C57BL/6N,MGP Select Pipeline,960
Ankrd9,Ankrd9<tm1(KOMP)Wtsi>,homozygote,WTSI,8,7,1,involves: C57BL/6N,MGP Select Pipeline,960
Anks1b,Anks1b<tm1a(KOMP)Wtsi>,homozygote,WTSI,4,3,1,involves: C57BL/6N,MGP Select Pipeline,960
Anks6,Anks6<tm1b(KOMP)Wtsi>,heterozygote,WTSI,4,1,3,involves: C57BL/6N,MGP Select Pipeline,960
Ano10,Ano10<tm1a(EUCOMM)Wtsi>,homozygote,WTSI,5,2,3,involves: C57BL/6N,MGP Select Pipeline,960
Anxa9,Anxa9<tm1b(EUCOMM)Wtsi>,homozygote,WTSI,4,4,0,involves: C57BL/6N,MGP Select Pipeline,960
Ap2a2,Ap2a2<em1(IMPC)Wtsi>,heterozygote,WTSI,4,2,2,involves: C57BL/6N,MGP Select Pipeline,960
Ap2a2,Ap2a2<tm1b(EUCOMM)Wtsi>,heterozygote,WTSI,4,4,0,involves: C57BL/6N,MGP Select Pipeline,960
Ap2a2,Ap2a2<tm1b(EUCOMM)Wtsi>,homozygote,WTSI,6,1,5,involves: C57BL/6N,MGP Select Pipeline,960
Ap4e1,Ap4e1<tm1b(KOMP)Wtsi>,homozygote,WTSI,6,2,4,involves: C57BL/6N,MGP Select Pipeline,960
Ap4m1,Ap4m1<tm1b(EUCOMM)Wtsi>,homozygote,WTSI,8,4,4,involves: C57BL/6N,MGP Select Pipeline,960
Apip,Apip<tm1b(EUCOMM)Wtsi>,homozygote,WTSI,4,0,4,involves: C57BL/6N,MGP Select Pipeline,960
Apol7a,Apol7a<tm1a(KOMP)Wtsi>,homozygote,WTSI,4,0,4,involves: C57BL/6N,MGP Select Pipeline,960
Apol9b,Apol9b<tm2a(KOMP)Wtsi>,homozygote,WTSI,4,0,4,involves: C57BL/6N,MGP Select Pipeline,960
Apoo,Apoo<tm1b(KOMP)Wtsi>,hemizygote,WTSI,4,4,0,involves: C57BL/6N,MGP Select Pipeline,960
Apool,Apool<tm1a(KOMP)Wtsi>,hemizygote,WTSI,4,4,0,involves: C57BL/6N,MGP Select Pipeline,960
Apool,Apool<tm1a(KOMP)Wtsi>,homozygote,WTSI,3,0,3,involves: C57BL/6N,MGP Select Pipeline,960
Arap2,Arap2<tm2b(EUCOMM)Wtsi>,homozygote,WTSI,5,5,0,involves: C57BL/6N,MGP Select Pipeline,960
Arhgap17,Arhgap17<tm1b(EUCOMM)Wtsi>,homozygote,WTSI,4,4,0,involves: C57BL/6N,MGP Select Pipeline,960
Arhgap22,Arhgap22<tm1a(KOMP)Wtsi>,homozygote,WTSI,4,4,0,involves: C57BL/6N,MGP Select Pipeline,960
Arhgap30,Arhgap30<tm1a(EUCOMM)Wtsi>,homozygote,WTSI,3,3,0,involves: C57BL/6N,MGP Select Pipeline,960
Arhgef1,Arhgef1<tm1a(EUCOMM)Wtsi>,homozygote,WTSI,4,0,4,involves: C57BL/6N,MGP Select Pipeline,960
Arhgef18,Arhgef18<tm1a(KOMP)Wtsi>,homozygote,WTSI,4,2,2,involves: C57BL/6N,MGP Select Pipeline,960
Arhgef38,Arhgef38<tm1a(KOMP)Wtsi>,homozygote,WTSI,4,3,1,involves: C57BL/6N,MGP Select Pipeline,960
Arhgef7,Arhgef7<tm1a(EUCOMM)Wtsi>,heterozygote,WTSI,4,4,0,involves: C57BL/6N,MGP Select Pipeline,960
Arid1b,Arid1b<tm1b(EUCOMM)Hmgu>,heterozygote,WTSI,5,3,2,involves: C57BL/6N,MGP Select Pipeline,960
Armc7,Armc7<tm1.1(KOMP)Wtsi>,heterozygote,WTSI,5,4,1,involves: C57BL/6N,MGP Select Pipeline,960
Armh3,Armh3<tm1a(EUCOMM)Wtsi>,heterozygote,WTSI,4,4,0,involves: C57BL/6N,MGP Select Pipeline,960
Arpc1b,Arpc1b<tm1a(EUCOMM)Wtsi>,homozygote,WTSI,4,2,2,involves: C57BL/6N,MGP Select Pipeline,960
Arpc3,Arpc3<tm1a(EUCOMM)Wtsi>,heterozygote,WTSI,4,4,0,involves: C57BL/6N,MGP Select Pipeline,960
Arpin,Arpin<tm1b(EUCOMM)Wtsi>,homozygote,WTSI,4,1,3,involves: C57BL/6N,MGP Select Pipeline,960
Arrdc5,Arrdc5<tm1b(EUCOMM)Wtsi>,homozygote,WTSI,4,2,2,involves: C57BL/6N,MGP Select Pipeline,960
Arsg,Arsg<tm1a(KOMP)Wtsi>,homozygote,WTSI,7,7,0,involves: C57BL/6N,MGP Select Pipeline,960
Art4,Art4<tm1a(KOMP)Wtsi>,homozygote,WTSI,4,2,2,involves: C57BL/6N,MGP Select Pipeline,960
Arvcf,Arvcf<tm1e(EUCOMM)Wtsi>,homozygote,WTSI,4,4,0,involves: C57BL/6N,MGP Select Pipeline,960
Aspm,Aspm<tm1a(KOMP)Wtsi>,homozygote,WTSI,6,1,5,involves: C57BL/6N,MGP Select Pipeline,960
Atad3a,Atad3a<tm1a(KOMP)Wtsi>,heterozygote,WTSI,4,1,3,involves: C57BL/6N,MGP Select Pipeline,960
Atg16l2,Atg16l2<tm1a(EUCOMM)Wtsi>,homozygote,WTSI,4,1,3,involves: C57BL/6N,MGP Select Pipeline,960
Atp11a,Atp11a<tm1e(KOMP)Wtsi>,heterozygote,WTSI,6,4,2,involves: C57BL/6N,MGP Select Pipeline,960
Atp5f1e,Atp5f1e<tm1b(EUCOMM)Wtsi>,heterozygote,WTSI,4,2,2,involves: C57BL/6N,MGP Select Pipeline,960
Atp5pb,Atp5pb<tm1b(EUCOMM)Wtsi>,heterozygote,WTSI,4,4,0,involves: C57BL/6N,MGP Select Pipeline,960
Atp8b2,Atp8b2<tm1a(KOMP)Wtsi>,heterozygote,WTSI,8,4,4,involves: C57BL/6N,MGP Select Pipeline,960
Atxn10,Atxn10<tm1b(KOMP)Wtsi>,heterozygote,WTSI,4,3,1,involves: C57BL/6N,MGP Select Pipeline,960
Atxn3,Atxn3<tm1a(KOMP)Wtsi>,homozygote,WTSI,7,5,2,involves: C57BL/6N,MGP Select Pipeline,960
B9d2,B9d2<tm1a(EUCOMM)Wtsi>,heterozygote,WTSI,4,0,4,involves: C57BL/6N,MGP Select Pipeline,960
Bach2,Bach2<tm1a(EUCOMM)Wtsi>,homozygote,WTSI,9,6,3,involves: C57BL/6N,MGP Select Pipeline,960
Bap1,Bap1<tm1a(EUCOMM)Hmgu>,heterozygote,WTSI,5,1,4,involves: C57BL/6N,MGP Select Pipeline,960
Bhlhe40,Bhlhe40<tm1b(KOMP)Wtsi>,homozygote,WTSI,5,2,3,involves: C57BL/6N,MGP Select Pipeline,960
Bin2,Bin2<em1(IMPC)Wtsi>,homozygote,WTSI,3,3,0,involves: C57BL/6N,MGP Select Pipeline,960
Bivm,Bivm<tm1b(KOMP)Wtsi>,homozygote,WTSI,4,2,2,involves: C57BL/6N,MGP Select Pipeline,960
Bnip2,Bnip2<tm1b(EUCOMM)Wtsi>,homozygote,WTSI,4,2,2,involves: C57BL/6N,MGP Select Pipeline,960
Bpgm,Bpgm<tm1a(KOMP)Wtsi>,homozygote,WTSI,4,4,0,involves: C57BL/6N,MGP Select Pipeline,960
Bpifb1,Bpifb1<tm1e(KOMP)Wtsi>,homozygote,WTSI,7,1,6,involves: C57BL/6N,MGP Select Pipeline,960
Bpifb5,Bpifb5<tm2a(KOMP)Wtsi>,homozygote,WTSI,4,1,3,involves: C57BL/6N,MGP Select Pipeline,960
Brd2,Brd2<em1(IMPC)Wtsi>,heterozygote,WTSI,6,2,4,involves: C57BL/6N,MGP Select Pipeline,960
Cabp1,Cabp1<tm1a(EUCOMM)Wtsi>,homozygote,WTSI,4,1,3,involves: C57BL/6N,MGP Select Pipeline,960
Calcoco2,Calcoco2<tm1(KOMP)Wtsi>,homozygote,WTSI,4,1,3,involves: C57BL/6N,MGP Select Pipeline,960
Camkmt,Camkmt<tm1b(EUCOMM)Wtsi>,homozygote,WTSI,4,3,1,involves: C57BL/6N,MGP Select Pipeline,960
Camsap3,Camsap3<tm1a(EUCOMM)Wtsi>,homozygote,WTSI,7,1,6,involves: C57BL/6N,MGP Select Pipeline,960
Cand2,Cand2<tm1a(EUCOMM)Wtsi>,homozygote,WTSI,6,5,1,involves: C57BL/6N,MGP Select Pipeline,960
Capn11,Capn11<tm1b(EUCOMM)Wtsi>,homozygote,WTSI,4,0,4,involves: C57BL/6N,MGP Select Pipeline,960
Capza2,Capza2<tm1b(KOMP)Wtsi>,heterozygote,WTSI,4,4,0,involves: C57BL/6N,MGP Select Pipeline,960
Card9,Card9<tm1a(EUCOMM)Hmgu>,homozygote,WTSI,4,4,0,involves: C57BL/6N,MGP Select Pipeline,960
Casp12,Casp12<tm1a(KOMP)Wtsi>,homozygote,WTSI,6,3,3,involves: C57BL/6N,MGP Select Pipeline,960
Catip,Catip<tm1b(KOMP)Wtsi>,homozygote,WTSI,4,4,0,involves: C57BL/6N,MGP Select Pipeline,960
Catspere2,Catspere2<tm1b(KOMP)Wtsi>,homozygote,WTSI,4,4,0,involves: C57BL/6N,MGP Select Pipeline,960
Cbr2,Cbr2<tm1b(EUCOMM)Hmgu>,homozygote,WTSI,5,4,1,involves: C57BL/6N,MGP Select Pipeline,960
Cbx5,Cbx5<tm1a(EUCOMM)Wtsi>,homozygote,WTSI,4,1,3,involves: C57BL/6N,MGP Select Pipeline,960
Cbx6,Cbx6<tm1a(EUCOMM)Wtsi>,homozygote,WTSI,4,2,2,involves: C57BL/6N,MGP Select Pipeline,960
Ccdc122,Ccdc122<tm1a(KOMP)Wtsi>,homozygote,WTSI,4,4,0,involves: C57BL/6N,MGP Select Pipeline,960
Ccdc127,Ccdc127<tm1b(EUCOMM)Wtsi>,homozygote,WTSI,10,5,5,involves: C57BL/6N,MGP Select Pipeline,960
Ccdc134,Ccdc134<tm1a(KOMP)Wtsi>,heterozygote,WTSI,4,3,1,involves: C57BL/6N,MGP Select Pipeline,960
Ccdc159,Ccdc159<tm1a(KOMP)Wtsi>,homozygote,WTSI,4,4,0,involves: C57BL/6N,MGP Select Pipeline,960
Ccdc160,Ccdc160<tm1a(EUCOMM)Wtsi>,hemizygote,WTSI,1,1,0,involves: C57BL/6N,MGP Select Pipeline,960
Ccdc160,Ccdc160<tm1a(EUCOMM)Wtsi>,homozygote,WTSI,4,0,4,involves: C57BL/6N,MGP Select Pipeline,960
Ccdc18,Ccdc18<tm1a(EUCOMM)Wtsi>,homozygote,WTSI,4,4,0,involves: C57BL/6N,MGP Select Pipeline,960
Ccdc24,Ccdc24<tm1a(KOMP)Wtsi>,homozygote,WTSI,4,2,2,involves: C57BL/6N,MGP Select Pipeline,960
Ccdc6,Ccdc6<em1(IMPC)Wtsi>,heterozygote,WTSI,4,1,3,involves: C57BL/6N,MGP Select Pipeline,960
Ccdc69,Ccdc69<tm1b(KOMP)Wtsi>,homozygote,WTSI,6,2,4,involves: C57BL/6N,MGP Select Pipeline,960
Ccdc77,Ccdc77<tm1a(EUCOMM)Wtsi>,homozygote,WTSI,4,0,4,involves: C57BL/6N,MGP Select Pipeline,960
Ccl22,Ccl22<tm1a(EUCOMM)Wtsi>,heterozygote,WTSI,4,0,4,involves: C57BL/6N,MGP Select Pipeline,960
Ccl22,Ccl22<tm1a(EUCOMM)Wtsi>,homozygote,WTSI,2,1,1,involves: C57BL/6N,MGP Select Pipeline,960
Cd300lg,Cd300lg<tm1a(KOMP)Wtsi>,homozygote,WTSI,4,0,4,involves: C57BL/6N,MGP Select Pipeline,960
Cd55b,Cd55b<tm1a(KOMP)Wtsi>,homozygote,WTSI,4,0,4,involves: C57BL/6N,MGP Select Pipeline,960
Cdh19,Cdh19<tm1a(EUCOMM)Wtsi>,homozygote,WTSI,4,0,4,involves: C57BL/6N,MGP Select Pipeline,960
Cdk14,Cdk14<tm1a(KOMP)Wtsi>,homozygote,WTSI,8,1,7,involves: C57BL/6N,MGP Select Pipeline,960
Cdkal1,Cdkal1<tm2a(EUCOMM)Wtsi>,homozygote,WTSI,4,2,2,involves: C57BL/6N,MGP Select Pipeline,960
Cdkn2aipnl,Cdkn2aipnl<tm1b(KOMP)Wtsi>,homozygote,WTSI,4,3,1,involves: C57BL/6N,MGP Select Pipeline,960
Celf4,Celf4<tm1a(EUCOMM)Wtsi>,heterozygote,WTSI,4,0,4,involves: C57BL/6N,MGP Select Pipeline,960
Cenpl,Cenpl<tm1b(EUCOMM)Wtsi>,heterozygote,WTSI,10,7,3,involves: C57BL/6N,MGP Select Pipeline,960
Cep15,Cep15<tm1b(KOMP)Wtsi>,homozygote,WTSI,4,3,1,involves: C57BL/6N,MGP Select Pipeline,960
Cep250,Cep250<tm1a(EUCOMM)Wtsi>,homozygote,WTSI,7,5,2,involves: C57BL/6N,MGP Select Pipeline,960
Cert1,Cert1<tm1a(KOMP)Wtsi>,heterozygote,WTSI,4,3,1,involves: C57BL/6N,MGP Select Pipeline,960
Cfap53,Cfap53<em1(IMPC)Wtsi>,heterozygote,WTSI,6,3,3,involves: C57BL/6N,MGP Select Pipeline,960
Cfap61,Cfap61<tm2a(EUCOMM)Wtsi>,homozygote,WTSI,4,2,2,involves: C57BL/6N,MGP Select Pipeline,960
Cgrrf1,Cgrrf1<tm1b(KOMP)Wtsi>,homozygote,WTSI,4,3,1,involves: C57BL/6N,MGP Select Pipeline,960
Chd9,Chd9<tm1a(EUCOMM)Wtsi>,homozygote,WTSI,4,1,3,involves: C57BL/6N,MGP Select Pipeline,960
Chil4,Chil4<tm1b(EUCOMM)Hmgu>,homozygote,WTSI,4,4,0,involves: C57BL/6N,MGP Select Pipeline,960
Chka,Chka<tm2a(KOMP)Wtsi>,heterozygote,WTSI,4,4,0,involves: C57BL/6N,MGP Select Pipeline,960
Chmp6,Chmp6<tm1b(KOMP)Wtsi>,heterozygote,WTSI,4,2,2,involves: C57BL/6N,MGP Select Pipeline,960
Chst11,Chst11<tm1a(KOMP)Wtsi>,heterozygote,WTSI,4,2,2,involves: C57BL/6N,MGP Select Pipeline,960
Chtop,Chtop<tm1a(EUCOMM)Wtsi>,heterozygote,WTSI,4,0,4,involves: C57BL/6N,MGP Select Pipeline,960
Ciao2a,Ciao2a<tm2a(EUCOMM)Wtsi>,homozygote,WTSI,4,3,1,involves: C57BL/6N,MGP Select Pipeline,960
Cibar1,Cibar1<tm1b(KOMP)Wtsi>,homozygote,WTSI,4,0,4,involves: C57BL/6N,MGP Select Pipeline,960
Cimip2c,Cimip2c<tm1a(EUCOMM)Wtsi>,homozygote,WTSI,4,1,3,involves: C57BL/6N,MGP Select Pipeline,960
Cir1,Cir1<tm3a(KOMP)Wtsi>,heterozygote,WTSI,7,5,2,involves: C57BL/6N,MGP Select Pipeline,960
Cldn34b2,Cldn34b2<tm1a(KOMP)Wtsi>,homozygote,WTSI,4,0,4,involves: C57BL/6N,MGP Select Pipeline,960
Clk1,Clk1<tm1a(EUCOMM)Wtsi>,homozygote,WTSI,5,4,1,involves: C57BL/6N,MGP Select Pipeline,960
Clpp,Clpp<tm1a(EUCOMM)Wtsi>,homozygote,WTSI,7,3,4,involves: C57BL/6N,MGP Select Pipeline,960
Cmbl,Cmbl<tm1b(KOMP)Wtsi>,homozygote,WTSI,5,3,2,involves: C57BL/6N,MGP Select Pipeline,960
Cmip,Cmip<tm1a(EUCOMM)Wtsi>,heterozygote,WTSI,8,4,4,involves: C57BL/6N,MGP Select Pipeline,960
Cmtm4,Cmtm4<tm1a(EUCOMM)Wtsi>,homozygote,WTSI,4,0,4,involves: C57BL/6N,MGP Select Pipeline,960
Cmtm5,Cmtm5<tm1a(KOMP)Wtsi>,homozygote,WTSI,4,4,0,involves: C57BL/6N,MGP Select Pipeline,960
Cmtm6,Cmtm6<tm1a(EUCOMM)Wtsi>,homozygote,WTSI,6,4,2,involves: C57BL/6N,MGP Select Pipeline,960
Cnbd1,Cnbd1<tm1b(EUCOMM)Wtsi>,homozygote,WTSI,4,4,0,involves: C57BL/6N,MGP Select Pipeline,960
Cnih3,Cnih3<tm1a(KOMP)Wtsi>,homozygote,WTSI,3,3,0,involves: C57BL/6N,MGP Select Pipeline,960
Cnot4,Cnot4<tm1b(EUCOMM)Wtsi>,heterozygote,WTSI,4,4,0,involves: C57BL/6N,MGP Select Pipeline,960
Cnot6,Cnot6<tm1a(KOMP)Wtsi>,homozygote,WTSI,4,3,1,involves: C57BL/6N,MGP Select Pipeline,960
Cog6,Cog6<tm1a(EUCOMM)Wtsi>,homozygote,WTSI,4,2,2,involves: C57BL/6N,MGP Select Pipeline,960
Col24a1,Col24a1<tm1b(EUCOMM)Wtsi>,homozygote,WTSI,4,2,2,involves: C57BL/6N,MGP Select Pipeline,960
Commd10,Commd10<tm1a(EUCOMM)Wtsi>,heterozygote,WTSI,4,0,4,involves: C57BL/6N,MGP Select Pipeline,960
Coq4,Coq4<tm1a(EUCOMM)Wtsi>,heterozygote,WTSI,4,0,4,involves: C57BL/6N,MGP Select Pipeline,960
Coro1c,Coro1c<tm1a(KOMP)Wtsi>,heterozygote,WTSI,6,6,0,involves: C57BL/6N,MGP Select Pipeline,960
Coro1c,Coro1c<tm1a(KOMP)Wtsi>,homozygote,WTSI,3,2,1,involves: C57BL/6N,MGP Select Pipeline,960
Coro6,Coro6<tm1e(EUCOMM)Wtsi>,homozygote,WTSI,4,3,1,involves: C57BL/6N,MGP Select Pipeline,960
Cpgi81,Cpgi81<tm1.1(NCC)WCS>,homozygote,WTSI,4,4,0,involves: C57BL/6N,MGP Select Pipeline,960
Cpsf3,Cpsf3<tm1a(EUCOMM)Wtsi>,heterozygote,WTSI,5,4,1,involves: C57BL/6N,MGP Select Pipeline,960
Cpsf3,Cpsf3<tm1b(EUCOMM)Wtsi>,heterozygote,WTSI,7,3,4,involves: C57BL/6N,MGP Select Pipeline,960
Cpt2,Cpt2<tm1b(KOMP)Wtsi>,heterozygote,WTSI,4,0,4,involves: C57BL/6N,MGP Select Pipeline,960
Cracdl,Cracdl<tm1b(KOMP)Wtsi>,homozygote,WTSI,4,1,3,involves: C57BL/6N,MGP Select Pipeline,960
Crb2,Crb2<tm1a(KOMP)Wtsi>,heterozygote,WTSI,4,4,0,involves: C57BL/6N,MGP Select Pipeline,960
Creb3l1,Creb3l1<tm1e(EUCOMM)Wtsi>,heterozygote,WTSI,5,3,2,involves: C57BL/6N,MGP Select Pipeline,960
Crim1,Crim1<em1(IMPC)Wtsi>,heterozygote,WTSI,4,4,0,involves: C57BL/6N,MGP Select Pipeline,960
Crlf3,Crlf3<em1(IMPC)Wtsi>,homozygote,WTSI,4,1,3,involves: C57BL/6N,MGP Select Pipeline,960
Crlf3,Crlf3<tm1b(KOMP)Wtsi>,homozygote,WTSI,4,2,2,involves: B6Brd;B6Dnk;B6N-Tyr<c-Brd>,MGP Select Pipeline,960
Crls1,Crls1<tm1a(EUCOMM)Wtsi>,heterozygote,WTSI,4,3,1,involves: C57BL/6N,MGP Select Pipeline,960
Csmd1,Csmd1<em1(IMPC)Wtsi>,homozygote,WTSI,4,2,2,involves: C57BL/6N,MGP Select Pipeline,960
Csnk1g3,Csnk1g3<tm1a(EUCOMM)Wtsi>,homozygote,WTSI,8,4,4,involves: C57BL/6N,MGP Select Pipeline,960
Ct45a,Ct45a<tm1e(KOMP)Wtsi>,hemizygote,WTSI,4,4,0,involves: C57BL/6N,MGP Select Pipeline,960
Ctr9,Ctr9<tm1b(EUCOMM)Wtsi>,heterozygote,WTSI,4,1,3,involves: C57BL/6N,MGP Select Pipeline,960
Cttnbp2,Cttnbp2<tm1b(KOMP)Wtsi>,homozygote,WTSI,4,2,2,involves: C57BL/6N,MGP Select Pipeline,960
Cutal,Cutal<tm1a(EUCOMM)Wtsi>,homozygote,WTSI,4,1,3,involves: C57BL/6N,MGP Select Pipeline,960
Cxcr1,Cxcr1<tm1a(EUCOMM)Wtsi>,homozygote,WTSI,6,4,2,involves: C57BL/6N,MGP Select Pipeline,960
Cxcr2,Cxcr2<tm1a(EUCOMM)Wtsi>,heterozygote,WTSI,6,2,4,involves: C57BL/6N,MGP Select Pipeline,960
Cxcr2,Cxcr2<tm1a(EUCOMM)Wtsi>,homozygote,WTSI,4,0,4,involves: C57BL/6N,MGP Select Pipeline,960
Cyba,Cyba<tm1a(EUCOMM)Wtsi>,homozygote,WTSI,4,3,1,involves: C57BL/6N,MGP Select Pipeline,960
Cyfip2,Cyfip2<tm1a(EUCOMM)Wtsi>,heterozygote,WTSI,8,8,0,involves: C57BL/6N,MGP Select Pipeline,960
Cyp11a1,Cyp11a1<tm1b(EUCOMM)Hmgu>,heterozygote,WTSI,4,3,1,involves: C57BL/6N,MGP Select Pipeline,960
Cyp20a1,Cyp20a1<tm1a(EUCOMM)Wtsi>,homozygote,WTSI,4,4,0,involves: C57BL/6N,MGP Select Pipeline,960
Cyp2b13,Cyp2b13<tm1b(KOMP)Wtsi>,homozygote,WTSI,4,1,3,involves: C57BL/6N,MGP Select Pipeline,960
Cyp2r1,Cyp2r1<tm1b(EUCOMM)Wtsi>,homozygote,WTSI,4,3,1,involves: C57BL/6N,MGP Select Pipeline,960
Cyp3a11,Cyp3a11<tm1a(KOMP)Wtsi>,homozygote,WTSI,4,4,0,involves: C57BL/6N,MGP Select Pipeline,960
D630023F18Rik,D630023F18Rik<tm1b(KOMP)Wtsi>,homozygote,WTSI,5,5,0,involves: C57BL/6N,MGP Select Pipeline,960
D6Wsu163e,D6Wsu163e<tm1b(EUCOMM)Wtsi>,homozygote,WTSI,8,4,4,involves: C57BL/6N,MGP Select Pipeline,960
D7Ertd443e,D7Ertd443e<tm2a(KOMP)Wtsi>,homozygote,WTSI,4,2,2,involves: C57BL/6N,MGP Select Pipeline,960
D930028M14Rik,D930028M14Rik<tm1a(EUCOMM)Wtsi>,heterozygote,WTSI,4,0,4,involves: C57BL/6N,MGP Select Pipeline,960
Daam2,Daam2<tm1a(KOMP)Wtsi>,homozygote,WTSI,4,4,0,involves: C57BL/6N,MGP Select Pipeline,960
Dact3,Dact3<tm1b(KOMP)Wtsi>,homozygote,WTSI,4,1,3,involves: C57BL/6N,MGP Select Pipeline,960
Dap,Dap<tm1a(KOMP)Mbp>,homozygote,WTSI,4,1,3,involves: C57BL/6N,MGP Select Pipeline,960
Dapk2,Dapk2<tm1b(EUCOMM)Wtsi>,homozygote,WTSI,4,3,1,involves: C57BL/6N,MGP Select Pipeline,960
Dars2,Dars2<tm1a(KOMP)Wtsi>,heterozygote,WTSI,4,0,4,involves: C57BL/6N,MGP Select Pipeline,960
Dbn1,Dbn1<tm1b(KOMP)Wtsi>,heterozygote,WTSI,4,0,4,involves: C57BL/6N,MGP Select Pipeline,960
Dcaf11,Dcaf11<tm1a(KOMP)Wtsi>,homozygote,WTSI,4,2,2,involves: C57BL/6N,MGP Select Pipeline,960
Dcbld2,Dcbld2<tm1a(KOMP)Wtsi>,homozygote,WTSI,4,0,4,involves: C57BL/6N,MGP Select Pipeline,960
Dcdc2b,Dcdc2b<tm1b(KOMP)Wtsi>,homozygote,WTSI,4,2,2,involves: C57BL/6N,MGP Select Pipeline,960
Dcdc2c,Dcdc2c<tm1a(KOMP)Wtsi>,homozygote,WTSI,4,4,0,involves: C57BL/6N,MGP Select Pipeline,960
Dclk1,Dclk1<tm1a(EUCOMM)Wtsi>,heterozygote,WTSI,4,2,2,involves: C57BL/6N,MGP Select Pipeline,960
Dclk1,Dclk1<tm1a(EUCOMM)Wtsi>,homozygote,WTSI,5,1,4,involves: C57BL/6N,MGP Select Pipeline,960
Dcn,Dcn<em1(IMPC)Wtsi>,homozygote,WTSI,4,4,0,involves: C57BL/6N,MGP Select Pipeline,960
Dctn1,Dctn1<tm1a(EUCOMM)Wtsi>,heterozygote,WTSI,4,0,4,involves: C57BL/6N,MGP Select Pipeline,960
Dctn4,Dctn4<em1(IMPC)Wtsi>,heterozygote,WTSI,4,3,1,involves: C57BL/6N,MGP Select Pipeline,960
Dcx,Dcx<tm1a(EUCOMM)Wtsi>,hemizygote,WTSI,4,4,0,involves: C57BL/6N,MGP Select Pipeline,960
Dcx,Dcx<tm1a(EUCOMM)Wtsi>,homozygote,WTSI,2,0,2,involves: C57BL/6N,MGP Select Pipeline,960
Ddah1,Ddah1<tm2a(EUCOMM)Wtsi>,homozygote,WTSI,9,4,5,involves: C57BL/6N,MGP Select Pipeline,960
Ddhd1,Ddhd1<tm1a(KOMP)Wtsi>,homozygote,WTSI,4,3,1,involves: C57BL/6N,MGP Select Pipeline,960
Ddx42,Ddx42<tm1b(EUCOMM)Wtsi>,heterozygote,WTSI,4,4,0,involves: C57BL/6N,MGP Select Pipeline,960
Ddx51,Ddx51<tm1a(KOMP)Wtsi>,heterozygote,WTSI,4,3,1,involves: C57BL/6N,MGP Select Pipeline,960
Ddx55,Ddx55<tm1a(EUCOMM)Wtsi>,heterozygote,WTSI,4,4,0,involves: C57BL/6N,MGP Select Pipeline,960
Def6,Def6<tm1a(EUCOMM)Wtsi>,homozygote,WTSI,8,2,6,involves: C57BL/6N,MGP Select Pipeline,960
Defb14,Defb14<tm1b(KOMP)Wtsi>,homozygote,WTSI,4,0,4,involves: C57BL/6N,MGP Select Pipeline,960
Defb22,Defb22<tm1a(KOMP)Wtsi>,homozygote,WTSI,4,4,0,involves: C57BL/6N,MGP Select Pipeline,960
Defb30,Defb30<tm2b(KOMP)Wtsi>,homozygote,WTSI,4,1,3,involves: C57BL/6N,MGP Select Pipeline,960
Dennd1b,Dennd1b<tm1a(EUCOMM)Hmgu>,homozygote,WTSI,4,3,1,involves: C57BL/6N,MGP Select Pipeline,960
Dennd1c,Dennd1c<tm1a(EUCOMM)Wtsi>,homozygote,WTSI,7,3,4,involves: C57BL/6N,MGP Select Pipeline,960
Dennd1c,Dennd1c<tm1b(EUCOMM)Wtsi>,homozygote,WTSI,4,4,0,involves: C57BL/6N,MGP Select Pipeline,960
Dennd4c,Dennd4c<tm1b(EUCOMM)Wtsi>,heterozygote,WTSI,4,4,0,involves: C57BL/6N,MGP Select Pipeline,960
Denr,Denr<tm1b(KOMP)Wtsi>,heterozygote,WTSI,4,0,4,involves: C57BL/6N,MGP Select Pipeline,960
Dffb,Dffb<em1(IMPC)Wtsi>,homozygote,WTSI,8,4,4,involves: C57BL/6N,MGP Select Pipeline,960
Dhodh,Dhodh<tm1b(EUCOMM)Wtsi>,heterozygote,WTSI,4,2,2,involves: C57BL/6N,MGP Select Pipeline,960
Dhps,Dhps<tm2a(EUCOMM)Wtsi>,heterozygote,WTSI,4,1,3,involves: C57BL/6N,MGP Select Pipeline,960
Dhrs2,Dhrs2<tm1a(KOMP)Wtsi>,homozygote,WTSI,4,0,4,involves: C57BL/6N,MGP Select Pipeline,960
Dhx33,Dhx33<tm1b(KOMP)Wtsi>,heterozygote,WTSI,4,0,4,involves: C57BL/6N,MGP Select Pipeline,960
Dhx35,Dhx35<tm1b(EUCOMM)Wtsi>,heterozygote,WTSI,4,3,1,involves: C57BL/6N,MGP Select Pipeline,960
Dip2a,Dip2a<tm2b(KOMP)Wtsi>,homozygote,WTSI,4,0,4,involves: C57BL/6N,MGP Select Pipeline,960
Dipk1a,Dipk1a<tm1a(EUCOMM)Wtsi>,homozygote,WTSI,6,4,2,involves: C57BL/6N,MGP Select Pipeline,960
Dlg2,Dlg2<tm1a(EUCOMM)Wtsi>,homozygote,WTSI,4,4,0,involves: C57BL/6N,MGP Select Pipeline,960
Dlg3,Dlg3<tm1a(EUCOMM)Wtsi>,hemizygote,WTSI,4,4,0,involves: C57BL/6N,MGP Select Pipeline,960
Dlg4,Dlg4<tm1e(EUCOMM)Wtsi>,homozygote,WTSI,7,3,4,involves: C57BL/6N,MGP Select Pipeline,960
Dlk1,Dlk1<em1(IMPC)Wtsi>,homozygote,WTSI,5,1,4,involves: C57BL/6N,MGP Select Pipeline,960
Dmgdh,Dmgdh<tm1a(KOMP)Wtsi>,homozygote,WTSI,4,2,2,involves: C57BL/6N,MGP Select Pipeline,960
Dmxl2,Dmxl2<tm1a(EUCOMM)Wtsi>,heterozygote,WTSI,6,5,1,involves: C57BL/6N,MGP Select Pipeline,960
Dnah17,Dnah17<tm1e(KOMP)Wtsi>,homozygote,WTSI,4,2,2,involves: C57BL/6N,MGP Select Pipeline,960
Dnajc8,Dnajc8<tm1b(KOMP)Wtsi>,heterozygote,WTSI,7,2,5,involves: C57BL/6N,MGP Select Pipeline,960
Dnase1l2,Dnase1l2<tm1.1(KOMP)Wtsi>,homozygote,WTSI,4,0,4,involves: C57BL/6N,MGP Select Pipeline,960
Dnmt3a,Dnmt3a<tm1a(KOMP)Wtsi>,homozygote,WTSI,4,4,0,involves: C57BL/6N,MGP Select Pipeline,960
Dnpep,Dnpep<tm1e(EUCOMM)Wtsi>,homozygote,WTSI,4,3,1,involves: C57BL/6N,MGP Select Pipeline,960
Dop1b,Dop1b<tm1a(EUCOMM)Wtsi>,homozygote,WTSI,6,4,2,involves: C57BL/6N,MGP Select Pipeline,960
Dph2,Dph2<tm2(EUCOMM)Wtsi>,heterozygote,WTSI,4,2,2,involves: C57BL/6N,MGP Select Pipeline,960
Dph6,Dph6<tm1a(KOMP)Wtsi>,homozygote,WTSI,8,5,3,involves: C57BL/6N,MGP Select Pipeline,960
Dpm1,Dpm1<tm1b(KOMP)Wtsi>,heterozygote,WTSI,4,4,0,involves: C57BL/6N,MGP Select Pipeline,960
Dppa1,Dppa1<tm1a(KOMP)Wtsi>,homozygote,WTSI,4,3,1,involves: C57BL/6N,MGP Select Pipeline,960
Dpy30,Dpy30<tm1a(KOMP)Wtsi>,heterozygote,WTSI,4,4,0,involves: C57BL/6N,MGP Select Pipeline,960
Dsc2,Dsc2<tm1e(KOMP)Wtsi>,homozygote,WTSI,4,4,0,involves: C57BL/6N,MGP Select Pipeline,960
Dsg1b,Dsg1b<tm1a(KOMP)Wtsi>,homozygote,WTSI,4,2,2,involves: C57BL/6N,MGP Select Pipeline,960
Duoxa2,Duoxa2<tm1b(KOMP)Wtsi>,homozygote,WTSI,8,6,2,involves: C57BL/6N,MGP Select Pipeline,960
Dusp5,Dusp5<tm1a(KOMP)Wtsi>,homozygote,WTSI,4,4,0,involves: C57BL/6N,MGP Select Pipeline,960
Dynll1,Dynll1<tm1(KOMP)Wtsi>,heterozygote,WTSI,8,5,3,involves: C57BL/6N,MGP Select Pipeline,960
Dynlrb1,Dynlrb1<tm1a(EUCOMM)Wtsi>,heterozygote,WTSI,4,2,2,involves: C57BL/6N,MGP Select Pipeline,960
Dynlrb2,Dynlrb2<tm1a(KOMP)Wtsi>,heterozygote,WTSI,4,4,0,involves: C57BL/6N,MGP Select Pipeline,960
Dynlt2b,Dynlt2b<tm1e(EUCOMM)Wtsi>,homozygote,WTSI,4,3,1,involves: C57BL/6N,MGP Select Pipeline,960
Eci3,Eci3<tm1b(EUCOMM)Wtsi>,homozygote,WTSI,4,4,0,involves: C57BL/6N,MGP Select Pipeline,960
Edc4,Edc4<tm1a(EUCOMM)Wtsi>,heterozygote,WTSI,4,4,0,involves: C57BL/6N,MGP Select Pipeline,960
Eef1akmt1,Eef1akmt1<tm1a(EUCOMM)Wtsi>,homozygote,WTSI,4,0,4,involves: C57BL/6N,MGP Select Pipeline,960
Ehbp1l1,Ehbp1l1<tm1a(EUCOMM)Wtsi>,heterozygote,WTSI,4,4,0,involves: C57BL/6N,MGP Select Pipeline,960
Eif3h,Eif3h<tm1a(EUCOMM)Hmgu>,heterozygote,WTSI,4,1,3,involves: C57BL/6N,MGP Select Pipeline,960
Elac2,Elac2<tm1b(EUCOMM)Wtsi>,heterozygote,WTSI,4,3,1,involves: C57BL/6N,MGP Select Pipeline,960
Elapor2,Elapor2<tm1a(KOMP)Wtsi>,homozygote,WTSI,4,0,4,involves: C57BL/6N,MGP Select Pipeline,960
Ell2,Ell2<tm1a(EUCOMM)Wtsi>,homozygote,WTSI,4,2,2,involves: C57BL/6N,MGP Select Pipeline,960
Ell2,Ell2<tm1b(EUCOMM)Wtsi>,homozygote,WTSI,5,3,2,involves: C57BL/6N,MGP Select Pipeline,960
Elmo1,Elmo1<tm1a(EUCOMM)Wtsi>,homozygote,WTSI,4,4,0,involves: C57BL/6N,MGP Select Pipeline,960
Enc1,Enc1<tm1a(EUCOMM)Wtsi>,homozygote,WTSI,5,5,0,involves: C57BL/6N,MGP Select Pipeline,960
Endou,Endou<tm1(KOMP)Vlcg>,homozygote,WTSI,4,3,1,involves: C57BL/6N,MGP Select Pipeline,960
Entpd6,Entpd6<tm1a(KOMP)Wtsi>,homozygote,WTSI,4,0,4,involves: C57BL/6N,MGP Select Pipeline,960
Epcip,Epcip<tm1a(EUCOMM)Wtsi>,homozygote,WTSI,4,4,0,involves: C57BL/6N,MGP Select Pipeline,960
Erlin2,Erlin2<tm1a(EUCOMM)Wtsi>,homozygote,WTSI,4,4,0,involves: C57BL/6N,MGP Select Pipeline,960
Erp44,Erp44<tm1a(KOMP)Wtsi>,heterozygote,WTSI,4,4,0,involves: C57BL/6N,MGP Select Pipeline,960
Evi5,Evi5<tm1a(KOMP)Wtsi>,homozygote,WTSI,8,6,2,involves: C57BL/6N,MGP Select Pipeline,960
Exoc3l2,Exoc3l2<tm1a(KOMP)Wtsi>,homozygote,WTSI,4,0,4,involves: C57BL/6N,MGP Select Pipeline,960
Exoc3l2,Exoc3l2<tm1b(KOMP)Wtsi>,heterozygote,WTSI,4,1,3,involves: C57BL/6N,MGP Select Pipeline,960
Exosc9,Exosc9<tm1b(EUCOMM)Wtsi>,heterozygote,WTSI,4,0,4,involves: C57BL/6N,MGP Select Pipeline,960
Ezr,Ezr<tm2a(EUCOMM)Wtsi>,heterozygote,WTSI,4,0,4,involves: C57BL/6N,MGP Select Pipeline,960
Fads3,Fads3<tm1b(EUCOMM)Hmgu>,homozygote,WTSI,9,5,4,involves: C57BL/6N,MGP Select Pipeline,960
Fam163a,Fam163a<tm2b(KOMP)Wtsi>,homozygote,WTSI,4,0,4,involves: C57BL/6N,MGP Select Pipeline,960
Fam47e,Fam47e<tm1a(EUCOMM)Wtsi>,homozygote,WTSI,4,4,0,involves: C57BL/6N,MGP Select Pipeline,960
Fanci,Fanci<tm1a(EUCOMM)Wtsi>,heterozygote,WTSI,4,4,0,involves: C57BL/6N,MGP Select Pipeline,960
Farsa,Farsa<tm2a(EUCOMM)Wtsi>,heterozygote,WTSI,4,1,3,involves: C57BL/6N,MGP Select Pipeline,960
Fbf1,Fbf1<tm1a(EUCOMM)Wtsi>,homozygote,WTSI,4,2,2,involves: C57BL/6N,MGP Select Pipeline,960
Fbxl7,Fbxl7<tm1a(EUCOMM)Wtsi>,homozygote,WTSI,4,3,1,involves: C57BL/6N,MGP Select Pipeline,960
Fbxo33,Fbxo33<tm1b(EUCOMM)Wtsi>,homozygote,WTSI,8,7,1,involves: C57BL/6N,MGP Select Pipeline,960
Fbxo47,Fbxo47<tm1a(EUCOMM)Wtsi>,heterozygote,WTSI,4,0,4,involves: C57BL/6N,MGP Select Pipeline,960
Fbxo7,Fbxo7<tm1a(EUCOMM)Wtsi>,homozygote,WTSI,4,4,0,involves: C57BL/6N,MGP Select Pipeline,960
Fbxw26,Fbxw26<tm1b(KOMP)Wtsi>,homozygote,WTSI,4,4,0,involves: C57BL/6N,MGP Select Pipeline,960
Fdft1,Fdft1<tm1a(KOMP)Wtsi>,heterozygote,WTSI,4,1,3,involves: C57BL/6N,MGP Select Pipeline,960
Fggy,Fggy<tm1a(KOMP)Wtsi>,homozygote,WTSI,4,1,3,involves: C57BL/6N,MGP Select Pipeline,960
Fhip1a,Fhip1a<tm1b(EUCOMM)Wtsi>,heterozygote,WTSI,4,3,1,involves: C57BL/6N,MGP Select Pipeline,960
Fkbp3,Fkbp3<tm2a(EUCOMM)Wtsi>,homozygote,WTSI,4,3,1,involves: C57BL/6N,MGP Select Pipeline,960
Fnip2,Fnip2<tm1a(KOMP)Wtsi>,homozygote,WTSI,6,2,4,involves: C57BL/6N,MGP Select Pipeline,960
Frmd7,Frmd7<tm1a(KOMP)Wtsi>,hemizygote,WTSI,4,4,0,involves: C57BL/6N,MGP Select Pipeline,960
Frrs1,Frrs1<tm1a(EUCOMM)Wtsi>,heterozygote,WTSI,4,3,1,involves: C57BL/6N,MGP Select Pipeline,960
Fryl,Fryl<tm1b(KOMP)Wtsi>,heterozygote,WTSI,4,2,2,involves: C57BL/6N,MGP Select Pipeline,960
Fundc1,Fundc1<tm1c(KOMP)Wtsi>,hemizygote,WTSI,4,4,0,involves: B6Brd;B6Dnk;B6N-Tyr<c-Brd>,MGP Select Pipeline,960
Fundc1,Fundc1<tm1c(KOMP)Wtsi>,homozygote,WTSI,4,0,4,involves: B6Brd;B6Dnk;B6N-Tyr<c-Brd>,MGP Select Pipeline,960
Fxyd3,Fxyd3<tm1a(KOMP)Wtsi>,homozygote,WTSI,4,1,3,involves: C57BL/6N,MGP Select Pipeline,960
Fyn,Fyn<tm1a(EUCOMM)Wtsi>,heterozygote,WTSI,4,4,0,involves: C57BL/6N,MGP Select Pipeline,960
Fzd6,Fzd6<tm2a(EUCOMM)Wtsi>,homozygote,WTSI,4,3,1,involves: C57BL/6N,MGP Select Pipeline,960
G3bp2,G3bp2<tm1a(EUCOMM)Wtsi>,heterozygote,WTSI,4,0,4,involves: C57BL/6N,MGP Select Pipeline,960
Galnt18,Galnt18<tm1b(KOMP)Wtsi>,homozygote,WTSI,4,0,4,involves: C57BL/6N,MGP Select Pipeline,960
Galntl5,Galntl5<tm1b(KOMP)Wtsi>,homozygote,WTSI,4,3,1,involves: C57BL/6N,MGP Select Pipeline,960
Garin3,Garin3<tm1a(KOMP)Wtsi>,homozygote,WTSI,4,3,1,involves: C57BL/6N,MGP Select Pipeline,960
Gas2l2,Gas2l2<tm1a(KOMP)Wtsi>,homozygote,WTSI,4,2,2,involves: C57BL/6N,MGP Select Pipeline,960
Gbf1,Gbf1<tm1a(KOMP)Wtsi>,heterozygote,WTSI,4,0,4,involves: C57BL/6N,MGP Select Pipeline,960
Gbp5,Gbp5<em1(IMPC)Wtsi>,homozygote,WTSI,4,2,2,involves: C57BL/6N,MGP Select Pipeline,960
Gda,Gda<tm1a(KOMP)Wtsi>,homozygote,WTSI,4,3,1,involves: C57BL/6N,MGP Select Pipeline,960
Gdpd2,Gdpd2<tm1a(KOMP)Wtsi>,homozygote,WTSI,4,0,4,involves: C57BL/6N,MGP Select Pipeline,960
Gimap6,Gimap6<tm1a(KOMP)Wtsi>,homozygote,WTSI,4,0,4,involves: C57BL/6N,MGP Select Pipeline,960
Gldc,Gldc<tm1a(EUCOMM)Wtsi>,heterozygote,WTSI,4,0,4,involves: C57BL/6N,MGP Select Pipeline,960
Gle1,Gle1<tm1a(EUCOMM)Wtsi>,heterozygote,WTSI,4,0,4,involves: C57BL/6N,MGP Select Pipeline,960
Glg1,Glg1<tm1a(KOMP)Wtsi>,heterozygote,WTSI,4,0,4,involves: C57BL/6N,MGP Select Pipeline,960
Glo1,Glo1<tm1a(KOMP)Wtsi>,homozygote,WTSI,4,4,0,involves: C57BL/6N,MGP Select Pipeline,960
Glt8d2,Glt8d2<tm1a(KOMP)Wtsi>,homozygote,WTSI,4,4,0,involves: C57BL/6N,MGP Select Pipeline,960
Glyatl3,Glyatl3<em1(IMPC)Wtsi>,homozygote,WTSI,4,1,3,involves: C57BL/6N,MGP Select Pipeline,960
Gm12253,Gm12253<tm1a(KOMP)Wtsi>,homozygote,WTSI,4,4,0,involves: C57BL/6N,MGP Select Pipeline,960
Gm13547,Gm13547<tm1a(KOMP)Wtsi>,homozygote,WTSI,4,3,1,involves: C57BL/6N,MGP Select Pipeline,960
Gm5544,Gm5544<tm1a(KOMP)Wtsi>,heterozygote,WTSI,4,0,4,involves: C57BL/6N,MGP Select Pipeline,960
Gm6578,Gm6578<tm1a(KOMP)Wtsi>,homozygote,WTSI,4,1,3,involves: C57BL/6N,MGP Select Pipeline,960
Gmds,Gmds<tm1a(KOMP)Wtsi>,homozygote,WTSI,7,6,1,involves: C57BL/6N,MGP Select Pipeline,960
Gmnc,Gmnc<tm1b(KOMP)Wtsi>,heterozygote,WTSI,5,5,0,involves: C57BL/6N,MGP Select Pipeline,960
Gnb3,Gnb3<tm1b(EUCOMM)Wtsi>,homozygote,WTSI,7,2,5,involves: C57BL/6N,MGP Select Pipeline,960
Golm2,Golm2<tm2b(EUCOMM)Wtsi>,homozygote,WTSI,4,2,2,involves: C57BL/6N,MGP Select Pipeline,960
Gpatch1,Gpatch1<em1(IMPC)Wtsi>,heterozygote,WTSI,3,3,0,involves: C57BL/6N,MGP Select Pipeline,960
Gpbp1l1,Gpbp1l1<tm1a(EUCOMM)Wtsi>,homozygote,WTSI,4,2,2,involves: C57BL/6N,MGP Select Pipeline,960
Gpc5,Gpc5<tm1a(KOMP)Wtsi>,homozygote,WTSI,4,3,1,involves: C57BL/6N,MGP Select Pipeline,960
Gpr107,Gpr107<tm1a(KOMP)Wtsi>,heterozygote,WTSI,4,4,0,involves: C57BL/6N,MGP Select Pipeline,960
Gpr152,Gpr152<tm1b(EUCOMM)Wtsi>,homozygote,WTSI,9,7,2,involves: C57BL/6N,MGP Select Pipeline,960
Gpr35,Gpr35<tm1b(EUCOMM)Hmgu>,homozygote,WTSI,4,4,0,involves: C57BL/6N,MGP Select Pipeline,960
Gprc5b,Gprc5b<tm1a(EUCOMM)Wtsi>,homozygote,WTSI,4,3,1,involves: C57BL/6N,MGP Select Pipeline,960
Grb7,Grb7<tm1b(EUCOMM)Wtsi>,homozygote,WTSI,4,2,2,involves: C57BL/6N,MGP Select Pipeline,960
Grm8,Grm8<tm2a(KOMP)Wtsi>,homozygote,WTSI,8,7,1,involves: C57BL/6N,MGP Select Pipeline,960
Grsf1,Grsf1<tm1b(EUCOMM)Wtsi>,homozygote,WTSI,4,2,2,involves: C57BL/6N,MGP Select Pipeline,960
Gsdme,Gsdme<tm1b(KOMP)Wtsi>,homozygote,WTSI,4,1,3,involves: C57BL/6N,MGP Select Pipeline,960
Gsto2,Gsto2<tm2a(KOMP)Wtsi>,homozygote,WTSI,6,6,0,involves: C57BL/6N,MGP Select Pipeline,960
Gtf2a1,Gtf2a1<tm1a(KOMP)Wtsi>,heterozygote,WTSI,5,4,1,involves: C57BL/6N,MGP Select Pipeline,960
Gtf2h2,Gtf2h2<tm1a(EUCOMM)Wtsi>,heterozygote,WTSI,4,1,3,involves: C57BL/6N,MGP Select Pipeline,960
H13,H13<tm1b(KOMP)Wtsi>,heterozygote,WTSI,4,0,4,involves: C57BL/6N,MGP Select Pipeline,960
H2-Eb1,H2-Eb1<b-tm1a(KOMP)Wtsi>,homozygote,WTSI,4,4,0,involves: C57BL/6N,MGP Select Pipeline,960
H2al2a,H2al2a<em1(IMPC)Wtsi>,homozygote,WTSI,2,0,2,involves: C57BL/6N,MGP Select Pipeline,960
H2bl1,H2bl1<tm1b(EUCOMM)Wtsi>,homozygote,WTSI,4,0,4,involves: C57BL/6N,MGP Select Pipeline,960
Hacl1,Hacl1<tm1a(KOMP)Wtsi>,homozygote,WTSI,4,2,2,involves: C57BL/6N,MGP Select Pipeline,960
Hao2,Hao2<em1(IMPC)Wtsi>,homozygote,WTSI,4,1,3,involves: C57BL/6N,MGP Select Pipeline,960
Hbs1l,Hbs1l<tm1a(KOMP)Wtsi>,homozygote,WTSI,5,3,2,involves: C57BL/6N,MGP Select Pipeline,960
Hecw2,Hecw2<tm1a(EUCOMM)Wtsi>,heterozygote,WTSI,4,4,0,involves: C57BL/6N,MGP Select Pipeline,960
Herc1,Herc1<em1(IMPC)Wtsi>,homozygote,WTSI,5,1,4,involves: C57BL/6N,MGP Select Pipeline,960
Herc1,Herc1<em2(IMPC)Wtsi>,homozygote,WTSI,6,2,4,involves: C57BL/6N,MGP Select Pipeline,960
Herc1,Herc1<em3(IMPC)Wtsi>,homozygote,WTSI,6,2,4,involves: C57BL/6N,MGP Select Pipeline,960
Hibadh,Hibadh<tm1b(EUCOMM)Wtsi>,homozygote,WTSI,4,4,0,involves: C57BL/6N,MGP Select Pipeline,960
Hmgxb3,Hmgxb3<tm1a(EUCOMM)Wtsi>,heterozygote,WTSI,7,6,1,involves: C57BL/6N,MGP Select Pipeline,960
Homez,Homez<tm1e(KOMP)Wtsi>,homozygote,WTSI,4,0,4,involves: C57BL/6N,MGP Select Pipeline,960
Hpf1,Hpf1<em1(IMPC)Wtsi>,homozygote,WTSI,4,1,3,involves: C57BL/6N,MGP Select Pipeline,960
Hrnr,Hrnr<em1(IMPC)Wtsi>,homozygote,WTSI,4,1,3,involves: C57BL/6N,MGP Select Pipeline,960
Hsp90aa1,Hsp90aa1<tm1(KOMP)Wtsi>,homozygote,WTSI,4,3,1,involves: C57BL/6N,MGP Select Pipeline,960
Ido2,Ido2<tm3a(EUCOMM)Wtsi>,homozygote,WTSI,4,3,1,involves: C57BL/6N,MGP Select Pipeline,960
Ifi27,Ifi27<tm1b(EUCOMM)Wtsi>,homozygote,WTSI,4,1,3,involves: C57BL/6N,MGP Select Pipeline,960
Ifitm6,Ifitm6<tm1b(EUCOMM)Wtsi>,homozygote,WTSI,4,2,2,involves: C57BL/6N,MGP Select Pipeline,960
Ifnar1,Ifnar1<tm2a(EUCOMM)Wtsi>,homozygote,WTSI,8,4,4,involves: C57BL/6N,MGP Select Pipeline,960
Ifnlr1,Ifnlr1<tm1a(EUCOMM)Wtsi>,homozygote,WTSI,4,2,2,involves: C57BL/6N,MGP Select Pipeline,960
Ift140,Ift140<tm1a(KOMP)Wtsi>,heterozygote,WTSI,4,3,1,involves: C57BL/6N,MGP Select Pipeline,960
Ift80,Ift80<tm1a(KOMP)Wtsi>,heterozygote,WTSI,4,4,0,involves: C57BL/6N,MGP Select Pipeline,960
Ift80,Ift80<tm1a(KOMP)Wtsi>,homozygote,WTSI,6,5,1,involves: C57BL/6N,MGP Select Pipeline,960
Il10rb,Il10rb<tm1a(KOMP)Wtsi>,homozygote,WTSI,4,1,3,involves: C57BL/6N,MGP Select Pipeline,960
Il18rap,Il18rap<em1(IMPC)Wtsi>,homozygote,WTSI,3,0,3,involves: C57BL/6N,MGP Select Pipeline,960
Il1r2,Il1r2<tm1a(EUCOMM)Wtsi>,homozygote,WTSI,4,1,3,involves: C57BL/6N,MGP Select Pipeline,960
Il23r,Il23r<tm2a(EUCOMM)Wtsi>,homozygote,WTSI,4,1,3,involves: C57BL/6N,MGP Select Pipeline,960
Il27,Il27<tm1b(EUCOMM)Wtsi>,homozygote,WTSI,4,3,1,involves: C57BL/6N,MGP Select Pipeline,960
Ildr1,Ildr1<tm1(KOMP)Wtsi>,homozygote,WTSI,7,5,2,involves: C57BL/6N,MGP Select Pipeline,960
Inava,Inava<tm2a(EUCOMM)Wtsi>,homozygote,WTSI,4,3,1,involves: C57BL/6N,MGP Select Pipeline,960
Inka2,Inka2<tm1a(KOMP)Wtsi>,homozygote,WTSI,4,1,3,involves: C57BL/6N,MGP Select Pipeline,960
Inpp1,Inpp1<tm1b(KOMP)Wtsi>,homozygote,WTSI,8,8,0,involves: B6Brd;B6Dnk;B6N-Tyr<c-Brd>,MGP Select Pipeline,960
Ints2,Ints2<tm1a(KOMP)Wtsi>,heterozygote,WTSI,4,4,0,involves: C57BL/6N,MGP Select Pipeline,960
Irag2,Irag2<tm1b(EUCOMM)Wtsi>,homozygote,WTSI,4,4,0,involves: C57BL/6N,MGP Select Pipeline,960
Irak1,Irak1<tm1b(EUCOMM)Hmgu>,homozygote,WTSI,4,0,4,involves: C57BL/6N,MGP Select Pipeline,960
Irf5,Irf5<tm1e(EUCOMM)Wtsi>,homozygote,WTSI,5,4,1,involves: C57BL/6N,MGP Select Pipeline,960
Irf7,Irf7<tm1(KOMP)Wtsi>,homozygote,WTSI,6,5,1,involves: C57BL/6N,MGP Select Pipeline,960
Isg20,Isg20<tm1a(KOMP)Wtsi>,homozygote,WTSI,6,2,4,involves: C57BL/6N,MGP Select Pipeline,960
Izumo1r,Izumo1r<tm2a(KOMP)Wtsi>,homozygote,WTSI,4,4,0,involves: C57BL/6N,MGP Select Pipeline,960
Jmjd1c,Jmjd1c<tm1a(EUCOMM)Wtsi>,heterozygote,WTSI,4,4,0,involves: C57BL/6N,MGP Select Pipeline,960
Josd1,Josd1<em1(IMPC)Wtsi>,homozygote,WTSI,6,4,2,involves: C57BL/6N,MGP Select Pipeline,960
Kat2b,Kat2b<em1(IMPC)Wtsi>,homozygote,WTSI,6,1,5,involves: C57BL/6N,MGP Select Pipeline,960
Kcnh4,Kcnh4<tm1b(KOMP)Wtsi>,homozygote,WTSI,4,2,2,involves: C57BL/6N,MGP Select Pipeline,960
Kcnip4,Kcnip4<tm1a(KOMP)Wtsi>,homozygote,WTSI,4,4,0,involves: C57BL/6N,MGP Select Pipeline,960
Kcnv2,Kcnv2<tm1Wtsi>,homozygote,WTSI,6,2,4,involves: C57BL/6N,MGP Select Pipeline,960
Kdm4d,Kdm4d<tm2a(EUCOMM)Wtsi>,homozygote,WTSI,4,1,3,involves: C57BL/6N,MGP Select Pipeline,960
Kdm7a,Kdm7a<tm1a(EUCOMM)Wtsi>,homozygote,WTSI,6,4,2,involves: C57BL/6N,MGP Select Pipeline,960
Kdm8,Kdm8<tm1a(EUCOMM)Wtsi>,heterozygote,WTSI,4,0,4,involves: C57BL/6N,MGP Select Pipeline,960
Kera,Kera<em1(IMPC)Wtsi>,homozygote,WTSI,4,3,1,involves: C57BL/6N,MGP Select Pipeline,960
Kif13b,Kif13b<tm1b(EUCOMM)Wtsi>,homozygote,WTSI,4,1,3,involves: C57BL/6N,MGP Select Pipeline,960
Kif18b,Kif18b<tm1a(EUCOMM)Wtsi>,heterozygote,WTSI,4,4,0,involves: C57BL/6N,MGP Select Pipeline,960
Kif24,Kif24<tm1b(KOMP)Wtsi>,homozygote,WTSI,4,3,1,involves: C57BL/6N,MGP Select Pipeline,960
Kif3b,Kif3b<tm1b(EUCOMM)Wtsi>,heterozygote,WTSI,4,2,2,involves: C57BL/6N,MGP Select Pipeline,960
Kifap3,Kifap3<tm1a(KOMP)Wtsi>,heterozygote,WTSI,4,3,1,involves: C57BL/6N,MGP Select Pipeline,960
Kifbp,Kifbp<tm1a(KOMP)Wtsi>,heterozygote,WTSI,4,2,2,involves: C57BL/6N,MGP Select Pipeline,960
Klc2,Klc2<tm1e(EUCOMM)Wtsi>,homozygote,WTSI,13,7,6,involves: C57BL/6N,MGP Select Pipeline,960
Klf17,Klf17<tm1b(KOMP)Wtsi>,homozygote,WTSI,8,4,4,involves: C57BL/6N,MGP Select Pipeline,960
Klhl18,Klhl18<tm1a(KOMP)Wtsi>,homozygote,WTSI,8,7,1,involves: C57BL/6N,MGP Select Pipeline,960
Klhl21,Klhl21<tm1a(KOMP)Wtsi>,heterozygote,WTSI,4,0,4,involves: C57BL/6N,MGP Select Pipeline,960
Klhl30,Klhl30<tm1a(KOMP)Wtsi>,homozygote,WTSI,4,2,2,involves: C57BL/6N,MGP Select Pipeline,960
Klk5,Klk5<tm2a(KOMP)Wtsi>,homozygote,WTSI,4,2,2,involves: C57BL/6N,MGP Select Pipeline,960
Klk6,Klk6<em1(IMPC)Wtsi>,homozygote,WTSI,4,3,1,involves: C57BL/6N,MGP Select Pipeline,960
Klk9,Klk9<tm1a(KOMP)Wtsi>,homozygote,WTSI,5,1,4,involves: C57BL/6N,MGP Select Pipeline,960
Klrb1a,Klrb1a<tm1a(KOMP)Wtsi>,homozygote,WTSI,4,2,2,involves: C57BL/6N,MGP Select Pipeline,960
Krt31,Krt31<tm1e(KOMP)Wtsi>,homozygote,WTSI,8,7,1,involves: C57BL/6N,MGP Select Pipeline,960
Krt7,Krt7<tm1b(KOMP)Wtsi>,homozygote,WTSI,4,4,0,involves: C57BL/6N,MGP Select Pipeline,960
Krt83,Krt83<tm1b(KOMP)Wtsi>,homozygote,WTSI,4,1,3,involves: C57BL/6N,MGP Select Pipeline,960
Krt88,Krt88<tm1a(KOMP)Wtsi>,homozygote,WTSI,4,4,0,involves: C57BL/6N,MGP Select Pipeline,960
L3mbtl2,L3mbtl2<tm2a(EUCOMM)Wtsi>,heterozygote,WTSI,4,4,0,involves: C57BL/6N,MGP Select Pipeline,960
Lamc3,Lamc3<tm1a(KOMP)Wtsi>,homozygote,WTSI,4,1,3,involves: C57BL/6N,MGP Select Pipeline,960
Lars1,Lars1<tm1b(KOMP)Wtsi>,heterozygote,WTSI,4,1,3,involves: C57BL/6N,MGP Select Pipeline,960
Lce1m,Lce1m<tm1b(EUCOMM)Wtsi>,homozygote,WTSI,4,3,1,involves: C57BL/6N,MGP Select Pipeline,960
Lce3c,Lce3c<tm2a(EUCOMM)Wtsi>,homozygote,WTSI,4,3,1,involves: C57BL/6N,MGP Select Pipeline,960
Ldhb,Ldhb<tm1b(KOMP)Wtsi>,homozygote,WTSI,10,3,7,involves: C57BL/6N,MGP Select Pipeline,960
Ldlrad4,Ldlrad4<tm1b(EUCOMM)Wtsi>,homozygote,WTSI,5,5,0,involves: C57BL/6N,MGP Select Pipeline,960
Leo1,Leo1<tm1a(EUCOMM)Wtsi>,heterozygote,WTSI,4,4,0,involves: C57BL/6N,MGP Select Pipeline,960
Leprot,Leprot<tm2a(KOMP)Wtsi>,homozygote,WTSI,4,4,0,involves: C57BL/6N,MGP Select Pipeline,960
Leprot,Leprot<tm2b(KOMP)Wtsi>,homozygote,WTSI,4,1,3,involves: C57BL/6N,MGP Select Pipeline,960
Lgals7,Lgals7<tm1a(EUCOMM)Wtsi>,homozygote,WTSI,4,2,2,involves: C57BL/6N,MGP Select Pipeline,960
Lgals7,Lgals7<tm1b(EUCOMM)Wtsi>,homozygote,WTSI,4,4,0,involves: C57BL/6N,MGP Select Pipeline,960
Lonrf3,Lonrf3<tm1a(KOMP)Wtsi>,homozygote,WTSI,4,0,4,involves: C57BL/6N,MGP Select Pipeline,960
Lonrf3,Lonrf3<tm1b(KOMP)Wtsi>,hemizygote,WTSI,4,4,0,involves: C57BL/6N,MGP Select Pipeline,960
Lpxn,Lpxn<tm1b(EUCOMM)Hmgu>,homozygote,WTSI,7,2,5,involves: C57BL/6N,MGP Select Pipeline,960
Lrmda,Lrmda<tm1e(EUCOMM)Wtsi>,homozygote,WTSI,4,2,2,involves: C57BL/6N,MGP Select Pipeline,960
Lrrc23,Lrrc23<tm1a(EUCOMM)Wtsi>,homozygote,WTSI,6,1,5,involves: C57BL/6N,MGP Select Pipeline,960
Lrrc71,Lrrc71<tm1a(KOMP)Wtsi>,homozygote,WTSI,5,1,4,involves: C57BL/6N,MGP Select Pipeline,960
Lrrc8d,Lrrc8d<tm1a(EUCOMM)Wtsi>,homozygote,WTSI,4,0,4,involves: C57BL/6N,MGP Select Pipeline,960
Lyplal1,Lyplal1<tm1a(KOMP)Wtsi>,homozygote,WTSI,4,4,0,involves: C57BL/6N,MGP Select Pipeline,960
Lyrm9,Lyrm9<tm1a(KOMP)Mbp>,homozygote,WTSI,4,1,3,involves: C57BL/6N,MGP Select Pipeline,960
Lztr1,Lztr1<tm1a(EUCOMM)Wtsi>,heterozygote,WTSI,4,4,0,involves: C57BL/6N,MGP Select Pipeline,960
Macrod1,Macrod1<em1(IMPC)Wtsi>,homozygote,WTSI,5,5,0,involves: C57BL/6N,MGP Select Pipeline,960
Magea9,Magea9<tm1a(KOMP)Wtsi>,hemizygote,WTSI,4,4,0,involves: C57BL/6N,MGP Select Pipeline,960
Magea9,Magea9<tm1a(KOMP)Wtsi>,homozygote,WTSI,3,0,3,involves: C57BL/6N,MGP Select Pipeline,960
Mamstr,Mamstr<tm1b(EUCOMM)Wtsi>,homozygote,WTSI,8,5,3,involves: C57BL/6N,MGP Select Pipeline,960
Man2b2,Man2b2<tm1b(KOMP)Wtsi>,homozygote,WTSI,4,4,0,involves: C57BL/6N,MGP Select Pipeline,960
Map2k7,Map2k7<tm1a(EUCOMM)Wtsi>,heterozygote,WTSI,4,2,2,involves: C57BL/6N,MGP Select Pipeline,960
Map3k1,Map3k1<tm1a(KOMP)Wtsi>,heterozygote,WTSI,4,0,4,involves: C57BL/6N,MGP Select Pipeline,960
Mapk10,Mapk10<tm1a(EUCOMM)Wtsi>,homozygote,WTSI,4,4,0,involves: C57BL/6N,MGP Select Pipeline,960
Mast2,Mast2<tm1a(KOMP)Wtsi>,homozygote,WTSI,4,4,0,involves: C57BL/6N,MGP Select Pipeline,960
Mau2,Mau2<tm1b(KOMP)Wtsi>,heterozygote,WTSI,4,1,3,involves: C57BL/6N,MGP Select Pipeline,960
Mbd1,Mbd1<em1(IMPC)Wtsi>,homozygote,WTSI,6,3,3,involves: C57BL/6N,MGP Select Pipeline,960
Mbl2,Mbl2<em1(IMPC)Wtsi>,homozygote,WTSI,6,4,2,involves: C57BL/6N,MGP Select Pipeline,960
Mcf2l,Mcf2l<tm1a(EUCOMM)Hmgu>,homozygote,WTSI,4,4,0,involves: C57BL/6N,MGP Select Pipeline,960
Med22,Med22<tm1a(EUCOMM)Wtsi>,heterozygote,WTSI,5,4,1,involves: C57BL/6N,MGP Select Pipeline,960
Med23,Med23<em1(IMPC)Wtsi>,heterozygote,WTSI,4,3,1,involves: C57BL/6N,MGP Select Pipeline,960
Medag,Medag<tm2b(KOMP)Wtsi>,homozygote,WTSI,4,0,4,involves: C57BL/6N,MGP Select Pipeline,960
Metrnl,Metrnl<tm1b(KOMP)Wtsi>,homozygote,WTSI,4,4,0,involves: C57BL/6N,MGP Select Pipeline,960
Mettl24,Mettl24<tm1a(KOMP)Wtsi>,homozygote,WTSI,4,4,0,involves: C57BL/6N,MGP Select Pipeline,960
Mgat4c,Mgat4c<tm1a(EUCOMM)Wtsi>,homozygote,WTSI,8,4,4,involves: C57BL/6N,MGP Select Pipeline,960
Micu2,Micu2<tm1a(EUCOMM)Wtsi>,homozygote,WTSI,4,3,1,involves: C57BL/6N,MGP Select Pipeline,960
Minar2,Minar2<tm1b(KOMP)Wtsi>,homozygote,WTSI,8,4,4,involves: C57BL/6N,MGP Select Pipeline,960
Mir146,Mir146<tm1Wtsi>,homozygote,WTSI,4,3,1,involves: C57BL/6N,MGP Select Pipeline,960
Mir96,Mir96<tm2.2(IMPC)Wtsi>,heterozygote,WTSI,4,3,1,involves: C57BL/6N,MGP Select Pipeline,960
Mir96,Mir96<tm2.2(IMPC)Wtsi>,homozygote,WTSI,6,6,0,involves: C57BL/6N,MGP Select Pipeline,960
Mir96,Mir96<tm3.2(IMPC)Wtsi>,homozygote,WTSI,5,3,2,involves: C57BL/6N,MGP Select Pipeline,960
Mkrn2,Mkrn2<em1(IMPC)Wtsi>,homozygote,WTSI,4,3,1,involves: C57BL/6N,MGP Select Pipeline,960
Mkrn2,Mkrn2<tm1b(KOMP)Wtsi>,homozygote,WTSI,10,5,5,involves: C57BL/6N,MGP Select Pipeline,960
Mlec,Mlec<tm1a(EUCOMM)Wtsi>,homozygote,WTSI,4,3,1,involves: C57BL/6N,MGP Select Pipeline,960
Mospd1,Mospd1<tm1a(KOMP)Wtsi>,hemizygote,WTSI,5,5,0,involves: C57BL/6N,MGP Select Pipeline,960
Mpg,Mpg<tm1a(EUCOMM)Wtsi>,homozygote,WTSI,4,3,1,involves: C57BL/6N,MGP Select Pipeline,960
Mrap2,Mrap2<tm1a(EUCOMM)Wtsi>,homozygote,WTSI,4,3,1,involves: C57BL/6N,MGP Select Pipeline,960
Mrm1,Mrm1<tm2a(EUCOMM)Wtsi>,homozygote,WTSI,4,0,4,involves: C57BL/6N,MGP Select Pipeline,960
Mroh4,Mroh4<tm1b(KOMP)Wtsi>,homozygote,WTSI,4,4,0,involves: C57BL/6N,MGP Select Pipeline,960
Mroh9,Mroh9<tm1a(EUCOMM)Wtsi>,homozygote,WTSI,7,3,4,involves: C57BL/6N,MGP Select Pipeline,960
Mrps21,Mrps21<tm1e(EUCOMM)Wtsi>,heterozygote,WTSI,5,1,4,involves: C57BL/6N,MGP Select Pipeline,960
Mrps5,Mrps5<tm1b(EUCOMM)Wtsi>,heterozygote,WTSI,4,4,0,involves: C57BL/6N,MGP Select Pipeline,960
Mtss2,Mtss2<tm1a(KOMP)Wtsi>,homozygote,WTSI,4,0,4,involves: C57BL/6N,MGP Select Pipeline,960
Mybphl,Mybphl<tm1a(KOMP)Wtsi>,homozygote,WTSI,4,3,1,involves: C57BL/6N,MGP Select Pipeline,960
Mybphl,Mybphl<tm1b(KOMP)Wtsi>,heterozygote,WTSI,4,4,0,involves: C57BL/6N,MGP Select Pipeline,960
Mybphl,Mybphl<tm1b(KOMP)Wtsi>,homozygote,WTSI,1,1,0,involves: C57BL/6N,MGP Select Pipeline,960
Myh14,Myh14<tm1a(EUCOMM)Wtsi>,homozygote,WTSI,8,6,2,involves: C57BL/6N,MGP Select Pipeline,960
Myh7b,Myh7b<tm1a(KOMP)Wtsi>,homozygote,WTSI,4,2,2,involves: C57BL/6N,MGP Select Pipeline,960
Myo10,Myo10<tm2(KOMP)Wtsi>,homozygote,WTSI,11,7,4,involves: C57BL/6N,MGP Select Pipeline,960
Myo7a,Myo7a<tm1a(EUCOMM)Wtsi>,homozygote,WTSI,8,4,4,involves: C57BL/6N,MGP Select Pipeline,960
Myo9a,Myo9a<tm1b(EUCOMM)Wtsi>,heterozygote,WTSI,4,4,0,involves: C57BL/6N,MGP Select Pipeline,960
Myrfl,Myrfl<tm1a(EUCOMM)Wtsi>,homozygote,WTSI,5,3,2,involves: C57BL/6N,MGP Select Pipeline,960
Myt1l,Myt1l<tm1a(EUCOMM)Wtsi>,homozygote,WTSI,4,4,0,involves: C57BL/6N,MGP Select Pipeline,960
Naaa,Naaa<tm1a(KOMP)Wtsi>,homozygote,WTSI,10,7,3,involves: C57BL/6N,MGP Select Pipeline,960
Nacad,Nacad<tm1(KOMP)Wtsi>,homozygote,WTSI,8,3,5,involves: C57BL/6N,MGP Select Pipeline,960
Nacc2,Nacc2<tm2b(EUCOMM)Wtsi>,homozygote,WTSI,6,2,4,involves: C57BL/6N,MGP Select Pipeline,960
Nadk2,Nadk2<tm1b(EUCOMM)Wtsi>,heterozygote,WTSI,8,5,3,involves: C57BL/6N,MGP Select Pipeline,960
Naga,Naga<tm1a(EUCOMM)Wtsi>,homozygote,WTSI,4,4,0,involves: C57BL/6N,MGP Select Pipeline,960
Nat10,Nat10<tm1a(KOMP)Wtsi>,heterozygote,WTSI,4,4,0,involves: C57BL/6N,MGP Select Pipeline,960
Natd1,Natd1<tm1b(EUCOMM)Wtsi>,homozygote,WTSI,4,4,0,involves: C57BL/6N,MGP Select Pipeline,960
Nbeal2,Nbeal2<tm1a(EUCOMM)Wtsi>,homozygote,WTSI,4,4,0,involves: C57BL/6N,MGP Select Pipeline,960
Ncf2,Ncf2<tm1a(EUCOMM)Wtsi>,homozygote,WTSI,4,3,1,involves: C57BL/6N,MGP Select Pipeline,960
Ndufb8,Ndufb8<tm1a(EUCOMM)Wtsi>,heterozygote,WTSI,4,4,0,involves: C57BL/6N,MGP Select Pipeline,960
Nebl,Nebl<tm1b(EUCOMM)Wtsi>,homozygote,WTSI,4,1,3,involves: C57BL/6N,MGP Select Pipeline,960
Nek3,Nek3<tm1b(EUCOMM)Wtsi>,homozygote,WTSI,4,1,3,involves: C57BL/6N,MGP Select Pipeline,960
Nek9,Nek9<tm1a(EUCOMM)Wtsi>,heterozygote,WTSI,4,3,1,involves: C57BL/6N,MGP Select Pipeline,960
Nelfe,Nelfe<tm1a(EUCOMM)Wtsi>,heterozygote,WTSI,7,6,1,involves: C57BL/6N,MGP Select Pipeline,960
Nfkbil1,Nfkbil1<tm1a(KOMP)Wtsi>,homozygote,WTSI,4,2,2,involves: C57BL/6N,MGP Select Pipeline,960
Ngrn,Ngrn<tm1a(KOMP)Wtsi>,heterozygote,WTSI,4,0,4,involves: C57BL/6N,MGP Select Pipeline,960
Nherf2,Nherf2<tm2a(EUCOMM)Hmgu>,homozygote,WTSI,6,2,4,involves: C57BL/6N,MGP Select Pipeline,960
Nherf4,Nherf4<tm1a(KOMP)Wtsi>,homozygote,WTSI,8,2,6,involves: C57BL/6N,MGP Select Pipeline,960
Nhlrc2,Nhlrc2<tm1a(KOMP)Wtsi>,heterozygote,WTSI,4,4,0,involves: C57BL/6N,MGP Select Pipeline,960
Nhp2,Nhp2<tm1a(KOMP)Wtsi>,heterozygote,WTSI,4,0,4,involves: C57BL/6N,MGP Select Pipeline,960
Ninj2,Ninj2<tm1a(KOMP)Wtsi>,homozygote,WTSI,4,4,0,involves: C57BL/6N,MGP Select Pipeline,960
Nipsnap3a,Nipsnap3a<tm1b(KOMP)Wtsi>,homozygote,WTSI,4,4,0,involves: C57BL/6N,MGP Select Pipeline,960
Nme4,Nme4<tm1a(EUCOMM)Wtsi>,homozygote,WTSI,4,4,0,involves: C57BL/6N,MGP Select Pipeline,960
Nmrk1,Nmrk1<tm1a(KOMP)Wtsi>,homozygote,WTSI,4,4,0,involves: C57BL/6N,MGP Select Pipeline,960
Npat,Npat<tm1b(EUCOMM)Wtsi>,heterozygote,WTSI,4,2,2,involves: C57BL/6N,MGP Select Pipeline,960
Nrbp1,Nrbp1<tm3b(EUCOMM)Wtsi>,heterozygote,WTSI,4,4,0,involves: C57BL/6N,MGP Select Pipeline,960
Nrde2,Nrde2<tm2a(KOMP)Wtsi>,heterozygote,WTSI,4,0,4,involves: C57BL/6N,MGP Select Pipeline,960
Nubpl,Nubpl<tm1b(KOMP)Wtsi>,heterozygote,WTSI,4,4,0,involves: C57BL/6N,MGP Select Pipeline,960
Nudt12,Nudt12<tm1a(KOMP)Wtsi>,homozygote,WTSI,4,0,4,involves: C57BL/6N,MGP Select Pipeline,960
Nup85,Nup85<tm1a(KOMP)Wtsi>,heterozygote,WTSI,6,2,4,involves: C57BL/6N,MGP Select Pipeline,960
Nutm2,Nutm2<tm2b(EUCOMM)Wtsi>,homozygote,WTSI,4,2,2,involves: C57BL/6N,MGP Select Pipeline,960
Nxn,Nxn<tm1b(EUCOMM)Wtsi>,heterozygote,WTSI,4,4,0,involves: C57BL/6N,MGP Select Pipeline,960
Oaf,Oaf<tm1a(EUCOMM)Wtsi>,homozygote,WTSI,4,2,2,involves: C57BL/6N,MGP Select Pipeline,960
Oas1g,Oas1g<tm3e(KOMP)Wtsi>,homozygote,WTSI,4,2,2,involves: C57BL/6N,MGP Select Pipeline,960
Ocm,Ocm<tm1e(EUCOMM)Wtsi>,homozygote,WTSI,8,5,3,involves: C57BL/6N,MGP Select Pipeline,960
Ogdh,Ogdh<tm1e(KOMP)Wtsi>,heterozygote,WTSI,4,3,1,involves: C57BL/6N,MGP Select Pipeline,960
Oog2,Oog2<tm1a(EUCOMM)Wtsi>,homozygote,WTSI,6,0,6,involves: C57BL/6N,MGP Select Pipeline,960
Orc1,Orc1<tm1a(KOMP)Wtsi>,heterozygote,WTSI,4,4,0,involves: C57BL/6N,MGP Select Pipeline,960
Orc3,Orc3<tm1a(EUCOMM)Wtsi>,heterozygote,WTSI,4,0,4,involves: C57BL/6N,MGP Select Pipeline,960
Os9,Os9<tm1a(EUCOMM)Wtsi>,homozygote,WTSI,7,4,3,involves: C57BL/6N,MGP Select Pipeline,960
Osbpl3,Osbpl3<tm1a(EUCOMM)Wtsi>,homozygote,WTSI,4,4,0,involves: C57BL/6N,MGP Select Pipeline,960
Otud7b,Otud7b<tm1b(EUCOMM)Wtsi>,heterozygote,WTSI,8,6,2,involves: C57BL/6N,MGP Select Pipeline,960
Oxr1,Oxr1<tm1a(EUCOMM)Wtsi>,heterozygote,WTSI,4,2,2,involves: C57BL/6N,MGP Select Pipeline,960
Pabir3,Pabir3<tm1b(EUCOMM)Wtsi>,hemizygote,WTSI,4,4,0,involves: C57BL/6N,MGP Select Pipeline,960
Pabpc4,Pabpc4<tm1a(KOMP)Wtsi>,homozygote,WTSI,4,4,0,involves: C57BL/6N,MGP Select Pipeline,960
Pabpn1l,Pabpn1l<tm1a(EUCOMM)Wtsi>,homozygote,WTSI,4,4,0,involves: C57BL/6N,MGP Select Pipeline,960
Pacsin3,Pacsin3<tm1a(EUCOMM)Wtsi>,homozygote,WTSI,4,4,0,involves: C57BL/6N,MGP Select Pipeline,960
Pam16,Pam16<tm1b(EUCOMM)Wtsi>,heterozygote,WTSI,4,3,1,involves: C57BL/6N,MGP Select Pipeline,960
Pbdc1,Pbdc1<tm2a(KOMP)Wtsi>,hemizygote,WTSI,4,4,0,involves: C57BL/6N,MGP Select Pipeline,960
Pced1a,Pced1a<tm1b(EUCOMM)Wtsi>,homozygote,WTSI,7,4,3,involves: C57BL/6N,MGP Select Pipeline,960
Pclaf,Pclaf<tm1a(EUCOMM)Wtsi>,homozygote,WTSI,4,3,1,involves: C57BL/6N,MGP Select Pipeline,960
Pdcd2,Pdcd2<tm1b(EUCOMM)Wtsi>,heterozygote,WTSI,6,3,3,involves: C57BL/6N,MGP Select Pipeline,960
Pdia4,Pdia4<tm1b(EUCOMM)Wtsi>,homozygote,WTSI,4,4,0,involves: C57BL/6N,MGP Select Pipeline,960
Pdk3,Pdk3<tm2a(KOMP)Wtsi>,homozygote,WTSI,4,0,4,involves: C57BL/6N,MGP Select Pipeline,960
Pdxk,Pdxk<tm1a(EUCOMM)Wtsi>,heterozygote,WTSI,4,2,2,involves: C57BL/6N,MGP Select Pipeline,960
Pdzk1,Pdzk1<tm2b(EUCOMM)Wtsi>,heterozygote,WTSI,6,2,4,involves: C57BL/6N,MGP Select Pipeline,960
Pear1,Pear1<tm1a(KOMP)Wtsi>,homozygote,WTSI,4,3,1,involves: C57BL/6N,MGP Select Pipeline,960
Pepd,Pepd<tm1a(KOMP)Wtsi>,homozygote,WTSI,7,5,2,involves: C57BL/6N,MGP Select Pipeline,960
Pfkfb4,Pfkfb4<tm1a(KOMP)Wtsi>,homozygote,WTSI,4,4,0,involves: C57BL/6N,MGP Select Pipeline,960
Pgap2,Pgap2<tm1b(EUCOMM)Wtsi>,heterozygote,WTSI,4,4,0,involves: C57BL/6N,MGP Select Pipeline,960
Phtf2,Phtf2<tm1a(EUCOMM)Wtsi>,homozygote,WTSI,5,2,3,involves: C57BL/6N,MGP Select Pipeline,960
Pias2,Pias2<tm1a(KOMP)Wtsi>,homozygote,WTSI,4,2,2,involves: C57BL/6N,MGP Select Pipeline,960
Pierce1,Pierce1<tm2b(EUCOMM)Wtsi>,homozygote,WTSI,4,0,4,involves: C57BL/6N,MGP Select Pipeline,960
Pigf,Pigf<tm1a(KOMP)Wtsi>,heterozygote,WTSI,4,3,1,involves: C57BL/6N,MGP Select Pipeline,960
Pigl,Pigl<tm1b(KOMP)Wtsi>,heterozygote,WTSI,4,2,2,involves: C57BL/6N,MGP Select Pipeline,960
Pitrm1,Pitrm1<tm1a(KOMP)Wtsi>,heterozygote,WTSI,4,0,4,involves: C57BL/6N,MGP Select Pipeline,960
Pitx1,Pitx1<em1(IMPC)Wtsi>,heterozygote,WTSI,4,0,4,involves: C57BL/6N,MGP Select Pipeline,960
Pla2g6,Pla2g6<tm1a(EUCOMM)Wtsi>,homozygote,WTSI,4,1,3,involves: C57BL/6N,MGP Select Pipeline,960
Pld3,Pld3<tm1e(EUCOMM)Wtsi>,homozygote,WTSI,7,4,3,involves: C57BL/6N,MGP Select Pipeline,960
Pld5,Pld5<tm1b(KOMP)Wtsi>,homozygote,WTSI,4,1,3,involves: B6Brd;B6Dnk;B6N-Tyr<c-Brd>,MGP Select Pipeline,960
Plet1,Plet1<em1(IMPC)Wtsi>,homozygote,WTSI,4,2,2,involves: C57BL/6N,MGP Select Pipeline,960
Pls3,Pls3<tm1a(EUCOMM)Wtsi>,hemizygote,WTSI,4,4,0,involves: C57BL/6N,MGP Select Pipeline,960
Plscr2,Plscr2<tm1b(KOMP)Wtsi>,homozygote,WTSI,4,0,4,involves: C57BL/6N,MGP Select Pipeline,960
Plxna2,Plxna2<tm1a(EUCOMM)Wtsi>,homozygote,WTSI,4,4,0,involves: C57BL/6N,MGP Select Pipeline,960
Plxnb3,Plxnb3<tm1a(KOMP)Wtsi>,hemizygote,WTSI,6,6,0,involves: C57BL/6N,MGP Select Pipeline,960
Polb,Polb<tm1a(KOMP)Wtsi>,heterozygote,WTSI,4,2,2,involves: C57BL/6N,MGP Select Pipeline,960
Pold3,Pold3<tm1b(EUCOMM)Wtsi>,heterozygote,WTSI,4,1,3,involves: C57BL/6N,MGP Select Pipeline,960
Polr3f,Polr3f<tm1a(EUCOMM)Wtsi>,heterozygote,WTSI,4,4,0,involves: C57BL/6N,MGP Select Pipeline,960
Polr3g,Polr3g<tm1a(EUCOMM)Wtsi>,heterozygote,WTSI,4,1,3,involves: C57BL/6N,MGP Select Pipeline,960
Pop4,Pop4<tm1a(EUCOMM)Wtsi>,heterozygote,WTSI,4,1,3,involves: C57BL/6N,MGP Select Pipeline,960
Ppil3,Ppil3<tm1b(EUCOMM)Wtsi>,homozygote,WTSI,7,7,0,involves: C57BL/6N,MGP Select Pipeline,960
Ppp1r42,Ppp1r42<tm1a(KOMP)Wtsi>,homozygote,WTSI,4,2,2,involves: C57BL/6N,MGP Select Pipeline,960
Praf2,Praf2<tm1e(EUCOMM)Wtsi>,hemizygote,WTSI,4,4,0,involves: C57BL/6N,MGP Select Pipeline,960
Praf2,Praf2<tm1e(EUCOMM)Wtsi>,homozygote,WTSI,4,0,4,involves: C57BL/6N,MGP Select Pipeline,960
Pramel15,Pramel15<tm1b(KOMP)Wtsi>,homozygote,WTSI,4,2,2,involves: C57BL/6N,MGP Select Pipeline,960
Pramel31,Pramel31<tm2b(KOMP)Wtsi>,homozygote,WTSI,9,4,5,involves: C57BL/6N,MGP Select Pipeline,960
Pramex1,Pramex1<tm1a(KOMP)Wtsi>,hemizygote,WTSI,4,4,0,involves: C57BL/6N,MGP Select Pipeline,960
Pramex1,Pramex1<tm1a(KOMP)Wtsi>,homozygote,WTSI,1,0,1,involves: C57BL/6N,MGP Select Pipeline,960
Prkab1,Prkab1<tm1b(KOMP)Wtsi>,homozygote,WTSI,6,2,4,involves: C57BL/6N,MGP Select Pipeline,960
Prps1,Prps1<tm1a(EUCOMM)Wtsi>,heterozygote,WTSI,3,0,3,involves: C57BL/6N,MGP Select Pipeline,960
Prrc2b,Prrc2b<tm1a(EUCOMM)Wtsi>,heterozygote,WTSI,4,1,3,involves: C57BL/6N,MGP Select Pipeline,960
Prrg2,Prrg2<tm1b(EUCOMM)Wtsi>,homozygote,WTSI,4,3,1,involves: C57BL/6N,MGP Select Pipeline,960
Prrt2,Prrt2<tm1a(KOMP)Wtsi>,homozygote,WTSI,9,4,5,involves: C57BL/6N,MGP Select Pipeline,960
Prss52,Prss52<tm2a(KOMP)Wtsi>,homozygote,WTSI,4,2,2,involves: C57BL/6N,MGP Select Pipeline,960
Prss53,Prss53<em1(IMPC)Wtsi>,homozygote,WTSI,4,1,3,involves: C57BL/6N,MGP Select Pipeline,960
Psph,Psph<tm1a(EUCOMM)Hmgu>,heterozygote,WTSI,6,1,5,involves: C57BL/6N,MGP Select Pipeline,960
Pth,Pth<tm1a(EUCOMM)Wtsi>,homozygote,WTSI,4,0,4,involves: C57BL/6N,MGP Select Pipeline,960
Pth1r,Pth1r<tm1a(EUCOMM)Hmgu>,heterozygote,WTSI,4,4,0,involves: C57BL/6N,MGP Select Pipeline,960
Pth2r,Pth2r<tm2a(KOMP)Wtsi>,homozygote,WTSI,4,0,4,involves: C57BL/6N,MGP Select Pipeline,960
Pthlh,Pthlh<tm1a(KOMP)Wtsi>,heterozygote,WTSI,4,0,4,involves: C57BL/6N,MGP Select Pipeline,960
Ptprd,Ptprd<tm2a(KOMP)Wtsi>,homozygote,WTSI,7,1,6,involves: C57BL/6N,MGP Select Pipeline,960
Pus10,Pus10<tm1b(EUCOMM)Hmgu>,homozygote,WTSI,3,3,0,involves: C57BL/6N,MGP Select Pipeline,960
Pwp1,Pwp1<tm1a(EUCOMM)Wtsi>,heterozygote,WTSI,4,4,0,involves: C57BL/6N,MGP Select Pipeline,960
Pycr2,Pycr2<tm1a(EUCOMM)Wtsi>,homozygote,WTSI,8,5,3,involves: C57BL/6N,MGP Select Pipeline,960
Rab15,Rab15<tm1a(KOMP)Wtsi>,homozygote,WTSI,4,1,3,involves: C57BL/6N,MGP Select Pipeline,960
Rab17,Rab17<tm1a(KOMP)Wtsi>,homozygote,WTSI,4,0,4,involves: C57BL/6N,MGP Select Pipeline,960
Rab21,Rab21<tm1b(KOMP)Wtsi>,heterozygote,WTSI,4,1,3,involves: C57BL/6N,MGP Select Pipeline,960
Rab5c,Rab5c<tm1a(EUCOMM)Wtsi>,heterozygote,WTSI,4,3,1,involves: C57BL/6N,MGP Select Pipeline,960
Rala,Rala<tm1a(EUCOMM)Wtsi>,heterozygote,WTSI,4,4,0,involves: C57BL/6N,MGP Select Pipeline,960
Ralb,Ralb<tm1a(EUCOMM)Wtsi>,homozygote,WTSI,4,1,3,involves: C57BL/6N,MGP Select Pipeline,960
Ralgapb,Ralgapb<tm1a(KOMP)Wtsi>,heterozygote,WTSI,4,4,0,involves: C57BL/6N,MGP Select Pipeline,960
Ralgps2,Ralgps2<tm1a(EUCOMM)Wtsi>,homozygote,WTSI,6,2,4,involves: C57BL/6N,MGP Select Pipeline,960
Raph1,Raph1<tm1b(EUCOMM)Wtsi>,homozygote,WTSI,6,1,5,involves: C57BL/6N,MGP Select Pipeline,960
Rasal2,Rasal2<tm1a(EUCOMM)Wtsi>,homozygote,WTSI,6,4,2,involves: C57BL/6N,MGP Select Pipeline,960
Rasgrp4,Rasgrp4<tm2a(KOMP)Wtsi>,homozygote,WTSI,4,4,0,involves: C57BL/6N,MGP Select Pipeline,960
Rbak,Rbak<tm1b(KOMP)Wtsi>,homozygote,WTSI,4,2,2,involves: C57BL/6N,MGP Select Pipeline,960
Rbm14,Rbm14<tm1a(KOMP)Wtsi>,homozygote,WTSI,4,1,3,involves: C57BL/6N,MGP Select Pipeline,960
Rbm33,Rbm33<tm1b(EUCOMM)Wtsi>,heterozygote,WTSI,4,0,4,involves: C57BL/6N,MGP Select Pipeline,960
Rbm47,Rbm47<tm1a(EUCOMM)Wtsi>,homozygote,WTSI,4,4,0,involves: C57BL/6N,MGP Select Pipeline,960
Rbmx,Rbmx<tm2a(KOMP)Wtsi>,homozygote,WTSI,4,0,4,involves: C57BL/6N,MGP Select Pipeline,960
Rbmx,Rbmx<tm2b(KOMP)Wtsi>,hemizygote,WTSI,4,4,0,involves: C57BL/6N,MGP Select Pipeline,960
Rbsn,Rbsn<tm1a(EUCOMM)Wtsi>,heterozygote,WTSI,4,1,3,involves: C57BL/6N,MGP Select Pipeline,960
Rdh16f2,Rdh16f2<tm1a(KOMP)Wtsi>,homozygote,WTSI,4,4,0,involves: C57BL/6N,MGP Select Pipeline,960
Reg3d,Reg3d<tm1b(EUCOMM)Wtsi>,homozygote,WTSI,4,1,3,involves: C57BL/6N,MGP Select Pipeline,960
Reg3g,Reg3g<tm1a(KOMP)Wtsi>,homozygote,WTSI,4,0,4,involves: C57BL/6N,MGP Select Pipeline,960
Repin1,Repin1<tm1a(EUCOMM)Wtsi>,homozygote,WTSI,4,4,0,involves: C57BL/6N,MGP Select Pipeline,960
Rhox13,Rhox13<tm1a(KOMP)Wtsi>,hemizygote,WTSI,6,6,0,involves: C57BL/6N,MGP Select Pipeline,960
Rhox13,Rhox13<tm1a(KOMP)Wtsi>,homozygote,WTSI,7,0,7,involves: C57BL/6N,MGP Select Pipeline,960
Rhox13,Rhox13<tm1b(KOMP)Wtsi>,hemizygote,WTSI,4,4,0,involves: C57BL/6N,MGP Select Pipeline,960
Rida,Rida<tm1a(KOMP)Wtsi>,homozygote,WTSI,4,2,2,involves: C57BL/6N,MGP Select Pipeline,960
Rimbp2,Rimbp2<em1(IMPC)Wtsi>,homozygote,WTSI,8,5,3,involves: C57BL/6N,MGP Select Pipeline,960
Rnaseh2c,Rnaseh2c<tm1(KOMP)Wtsi>,heterozygote,WTSI,5,5,0,involves: C57BL/6N,MGP Select Pipeline,960
Rnasek,Rnasek<tm1b(EUCOMM)Wtsi>,heterozygote,WTSI,4,2,2,involves: C57BL/6N,MGP Select Pipeline,960
Rnf10,Rnf10<tm1b(KOMP)Wtsi>,homozygote,WTSI,11,6,5,involves: C57BL/6N,MGP Select Pipeline,960
Rnf114,Rnf114<em1(IMPC)Wtsi>,homozygote,WTSI,2,1,1,involves: C57BL/6N,MGP Select Pipeline,960
Rnf125,Rnf125<tm1a(EUCOMM)Hmgu>,homozygote,WTSI,4,3,1,involves: C57BL/6N,MGP Select Pipeline,960
Rnf138,Rnf138<tm1b(EUCOMM)Hmgu>,homozygote,WTSI,4,2,2,involves: C57BL/6N,MGP Select Pipeline,960
Rnf157,Rnf157<tm1b(EUCOMM)Wtsi>,homozygote,WTSI,4,4,0,involves: C57BL/6N,MGP Select Pipeline,960
Ropn1l,Ropn1l<tm1b(EUCOMM)Wtsi>,homozygote,WTSI,8,4,4,involves: C57BL/6N,MGP Select Pipeline,960
Rpgrip1l,Rpgrip1l<tm1a(EUCOMM)Wtsi>,heterozygote,WTSI,4,4,0,involves: C57BL/6N,MGP Select Pipeline,960
Rpia,Rpia<tm1a(KOMP)Wtsi>,heterozygote,WTSI,4,3,1,involves: C57BL/6N,MGP Select Pipeline,960
Rsad1,Rsad1<tm1(KOMP)Vlcg>,homozygote,WTSI,4,0,4,involves: C57BL/6N,MGP Select Pipeline,960
Rspo4,Rspo4<tm1a(KOMP)Wtsi>,homozygote,WTSI,4,4,0,involves: C57BL/6N,MGP Select Pipeline,960
Rtbdn,Rtbdn<tm1a(EUCOMM)Wtsi>,homozygote,WTSI,4,4,0,involves: C57BL/6N,MGP Select Pipeline,960
Rufy2,Rufy2<tm1a(EUCOMM)Wtsi>,heterozygote,WTSI,4,0,4,involves: C57BL/6N,MGP Select Pipeline,960
Rufy2,Rufy2<tm1a(EUCOMM)Wtsi>,homozygote,WTSI,5,2,3,involves: C57BL/6N,MGP Select Pipeline,960
Rundc1,Rundc1<tm1a(EUCOMM)Wtsi>,heterozygote,WTSI,4,3,1,involves: C57BL/6N,MGP Select Pipeline,960
Rundc1,Rundc1<tm1b(EUCOMM)Wtsi>,heterozygote,WTSI,4,0,4,involves: C57BL/6N,MGP Select Pipeline,960
Rwdd1,Rwdd1<tm1b(KOMP)Wtsi>,homozygote,WTSI,4,0,4,involves: C57BL/6N,MGP Select Pipeline,960
Sag,Sag<tm1a(EUCOMM)Wtsi>,homozygote,WTSI,4,1,3,involves: C57BL/6N,MGP Select Pipeline,960
Sap130,Sap130<tm1a(KOMP)Mbp>,heterozygote,WTSI,4,3,1,involves: C57BL/6N,MGP Select Pipeline,960
Scaf11,Scaf11<em1(IMPC)Wtsi>,homozygote,WTSI,7,3,4,involves: C57BL/6N,MGP Select Pipeline,960
Scn3b,Scn3b<tm1a(KOMP)Wtsi>,homozygote,WTSI,4,2,2,involves: C57BL/6N,MGP Select Pipeline,960
Sec1,Sec1<tm1a(EUCOMM)Wtsi>,homozygote,WTSI,4,2,2,involves: C57BL/6N,MGP Select Pipeline,960
Sec22b,Sec22b<tm1a(EUCOMM)Wtsi>,heterozygote,WTSI,4,0,4,involves: C57BL/6N,MGP Select Pipeline,960
Secisbp2,Secisbp2<tm1c(EUCOMM)Wtsi>,homozygote,WTSI,4,0,4,involves: C57BL/6N,MGP Select Pipeline,960
Seh1l,Seh1l<tm1a(EUCOMM)Wtsi>,heterozygote,WTSI,4,3,1,involves: C57BL/6N,MGP Select Pipeline,960
Sel1l,Sel1l<tm1e(KOMP)Wtsi>,heterozygote,WTSI,4,4,0,involves: C57BL/6N,MGP Select Pipeline,960
Selenok,Selenok<tm1a(EUCOMM)Wtsi>,homozygote,WTSI,4,3,1,involves: C57BL/6N,MGP Select Pipeline,960
Selenok,Selenok<tm1b(EUCOMM)Wtsi>,homozygote,WTSI,7,7,0,involves: C57BL/6N,MGP Select Pipeline,960
Selenow,Selenow<tm1b(EUCOMM)Wtsi>,homozygote,WTSI,4,0,4,involves: C57BL/6N,MGP Select Pipeline,960
Septin10,Septin10<tm1a(KOMP)Wtsi>,heterozygote,WTSI,4,2,2,involves: C57BL/6N,MGP Select Pipeline,960
Septin10,Septin10<tm1a(KOMP)Wtsi>,homozygote,WTSI,4,3,1,involves: C57BL/6N,MGP Select Pipeline,960
Serinc3,Serinc3<tm1a(KOMP)Wtsi>,homozygote,WTSI,6,4,2,involves: C57BL/6N,MGP Select Pipeline,960
Serpina3c,Serpina3c<tm1a(KOMP)Wtsi>,homozygote,WTSI,4,4,0,involves: C57BL/6N,MGP Select Pipeline,960
Setd4,Setd4<tm1a(KOMP)Wtsi>,homozygote,WTSI,5,4,1,involves: C57BL/6N,MGP Select Pipeline,960
Setd5,Setd5<tm1a(EUCOMM)Wtsi>,heterozygote,WTSI,9,7,2,involves: C57BL/6N,MGP Select Pipeline,960
Sfxn3,Sfxn3<tm1b(KOMP)Wtsi>,homozygote,WTSI,6,6,0,involves: C57BL/6N,MGP Select Pipeline,960
Sgms1,Sgms1<tm1a(EUCOMM)Wtsi>,homozygote,WTSI,4,4,0,involves: C57BL/6N,MGP Select Pipeline,960
Sgsm1,Sgsm1<tm1b(EUCOMM)Wtsi>,homozygote,WTSI,4,2,2,involves: C57BL/6N,MGP Select Pipeline,960
Sh2d5,Sh2d5<tm1a(EUCOMM)Wtsi>,homozygote,WTSI,4,0,4,involves: C57BL/6N,MGP Select Pipeline,960
Sh3bgrl3,Sh3bgrl3<tm2b(EUCOMM)Wtsi>,homozygote,WTSI,4,4,0,involves: C57BL/6N,MGP Select Pipeline,960
Sh3bp4,Sh3bp4<tm1a(EUCOMM)Wtsi>,homozygote,WTSI,4,2,2,involves: C57BL/6N,MGP Select Pipeline,960
Sh3pxd2a,Sh3pxd2a<tm1b(EUCOMM)Wtsi>,heterozygote,WTSI,4,2,2,involves: C57BL/6N,MGP Select Pipeline,960
Sik3,Sik3<tm1a(EUCOMM)Hmgu>,homozygote,WTSI,4,2,2,involves: C57BL/6N,MGP Select Pipeline,960
Sirt3,Sirt3<tm1a(EUCOMM)Wtsi>,homozygote,WTSI,6,5,1,involves: C57BL/6N,MGP Select Pipeline,960
Skida1,Skida1<tm1(KOMP)Wtsi>,heterozygote,WTSI,4,0,4,involves: C57BL/6N,MGP Select Pipeline,960
Slamf9,Slamf9<tm1b(EUCOMM)Wtsi>,homozygote,WTSI,4,1,3,involves: C57BL/6N,MGP Select Pipeline,960
Slc16a4,Slc16a4<tm2e(EUCOMM)Wtsi>,homozygote,WTSI,4,2,2,involves: C57BL/6N,MGP Select Pipeline,960
Slc16a6,Slc16a6<tm1a(EUCOMM)Wtsi>,homozygote,WTSI,4,1,3,involves: C57BL/6N,MGP Select Pipeline,960
Slc1a4,Slc1a4<tm1e(KOMP)Wtsi>,homozygote,WTSI,4,4,0,involves: C57BL/6N,MGP Select Pipeline,960
Slc20a2,Slc20a2<tm1a(EUCOMM)Wtsi>,heterozygote,WTSI,4,3,1,involves: C57BL/6N,MGP Select Pipeline,960
Slc20a2,Slc20a2<tm1a(EUCOMM)Wtsi>,homozygote,WTSI,7,2,5,involves: C57BL/6N,MGP Select Pipeline,960
Slc25a20,Slc25a20<tm1a(EUCOMM)Wtsi>,heterozygote,WTSI,4,2,2,involves: C57BL/6N,MGP Select Pipeline,960
Slc25a21,Slc25a21<tm1d(KOMP)Wtsi>,homozygote,WTSI,5,1,4,involves: B6Brd;B6Dnk;B6N-Tyr<c-Brd>,MGP Select Pipeline,960
Slc25a28,Slc25a28<tm1b(EUCOMM)Wtsi>,homozygote,WTSI,4,2,2,involves: C57BL/6N,MGP Select Pipeline,960
Slc25a30,Slc25a30<tm1a(EUCOMM)Wtsi>,homozygote,WTSI,4,4,0,involves: C57BL/6N,MGP Select Pipeline,960
Slc25a4,Slc25a4<tm1a(EUCOMM)Wtsi>,homozygote,WTSI,4,1,3,involves: C57BL/6N,MGP Select Pipeline,960
Slc38a10,Slc38a10<tm1a(EUCOMM)Wtsi>,homozygote,WTSI,5,2,3,involves: C57BL/6N,MGP Select Pipeline,960
Slc38a2,Slc38a2<tm1a(KOMP)Wtsi>,heterozygote,WTSI,4,0,4,involves: C57BL/6N,MGP Select Pipeline,960
Slc5a7,Slc5a7<tm1a(KOMP)Wtsi>,heterozygote,WTSI,4,0,4,involves: C57BL/6N,MGP Select Pipeline,960
Slc66a3,Slc66a3<tm1a(KOMP)Wtsi>,homozygote,WTSI,4,3,1,involves: C57BL/6N,MGP Select Pipeline,960
Slitrk4,Slitrk4<tm1b(KOMP)Wtsi>,hemizygote,WTSI,4,4,0,involves: C57BL/6N,MGP Select Pipeline,960
Slu7,Slu7<tm1a(KOMP)Wtsi>,heterozygote,WTSI,4,4,0,involves: C57BL/6N,MGP Select Pipeline,960
Slx4ip,Slx4ip<tm1a(EUCOMM)Wtsi>,homozygote,WTSI,4,0,4,involves: C57BL/6N,MGP Select Pipeline,960
Smg9,Smg9<tm1b(EUCOMM)Wtsi>,heterozygote,WTSI,4,3,1,involves: C57BL/6N,MGP Select Pipeline,960
Smpd4,Smpd4<tm2b(KOMP)Wtsi>,heterozygote,WTSI,4,4,0,involves: C57BL/6N,MGP Select Pipeline,960
Smyd5,Smyd5<tm1a(EUCOMM)Wtsi>,homozygote,WTSI,4,2,2,involves: C57BL/6N,MGP Select Pipeline,960
Snap47,Snap47<tm1a(EUCOMM)Wtsi>,homozygote,WTSI,4,0,4,involves: C57BL/6N,MGP Select Pipeline,960
Snx31,Snx31<tm1a(KOMP)Wtsi>,homozygote,WTSI,4,4,0,involves: C57BL/6N,MGP Select Pipeline,960
Snx8,Snx8<tm2a(EUCOMM)Hmgu>,homozygote,WTSI,4,3,1,involves: C57BL/6N,MGP Select Pipeline,960
Spata25,Spata25<tm1(KOMP)Wtsi>,homozygote,WTSI,8,4,4,involves: C57BL/6N,MGP Select Pipeline,960
Spink10,Spink10<tm1a(KOMP)Wtsi>,homozygote,WTSI,4,0,4,involves: C57BL/6N,MGP Select Pipeline,960
Spink14,Spink14<tm1e(KOMP)Wtsi>,homozygote,WTSI,4,4,0,involves: C57BL/6N,MGP Select Pipeline,960
Spns2,Spns2<tm1b(KOMP)Wtsi>,homozygote,WTSI,8,6,2,involves: B6Brd;B6Dnk;B6N-Tyr<c-Brd>,MGP Select Pipeline,960
Spopl,Spopl<tm1a(EUCOMM)Wtsi>,homozygote,WTSI,5,3,2,involves: C57BL/6N,MGP Select Pipeline,960
Sqle,Sqle<tm1a(EUCOMM)Wtsi>,heterozygote,WTSI,6,3,3,involves: C57BL/6N,MGP Select Pipeline,960
Srrm4,Srrm4<tm1e(EUCOMM)Wtsi>,heterozygote,WTSI,7,1,6,involves: C57BL/6N,MGP Select Pipeline,960
Srrm4,Srrm4<tm1e(EUCOMM)Wtsi>,homozygote,WTSI,3,2,1,involves: C57BL/6N,MGP Select Pipeline,960
Srsf7,Srsf7<tm1a(EUCOMM)Wtsi>,heterozygote,WTSI,8,5,3,involves: C57BL/6N,MGP Select Pipeline,960
Ssbp1,Ssbp1<tm1a(KOMP)Wtsi>,heterozygote,WTSI,4,0,4,involves: C57BL/6N,MGP Select Pipeline,960
Ssr2,Ssr2<tm1b(EUCOMM)Wtsi>,heterozygote,WTSI,4,0,4,involves: C57BL/6N,MGP Select Pipeline,960
Stard8,Stard8<tm1a(EUCOMM)Wtsi>,hemizygote,WTSI,4,4,0,involves: C57BL/6N,MGP Select Pipeline,960
Stard8,Stard8<tm1b(EUCOMM)Wtsi>,hemizygote,WTSI,4,4,0,involves: C57BL/6N,MGP Select Pipeline,960
Stau2,Stau2<tm1a(EUCOMM)Wtsi>,homozygote,WTSI,4,3,1,involves: C57BL/6N,MGP Select Pipeline,960
Stimate,Stimate<tm2b(KOMP)Wtsi>,homozygote,WTSI,6,2,4,involves: C57BL/6N,MGP Select Pipeline,960
Stxbp4,Stxbp4<tm1a(EUCOMM)Wtsi>,homozygote,WTSI,6,2,4,involves: C57BL/6N,MGP Select Pipeline,960
Sult1c1,Sult1c1<tm1b(KOMP)Wtsi>,homozygote,WTSI,4,2,2,involves: C57BL/6N,MGP Select Pipeline,960
Supt3,Supt3<tm1a(EUCOMM)Hmgu>,heterozygote,WTSI,4,3,1,involves: C57BL/6N,MGP Select Pipeline,960
Supt5,Supt5<tm2a(KOMP)Wtsi>,heterozygote,WTSI,4,3,1,involves: C57BL/6N,MGP Select Pipeline,960
Syt1,Syt1<tm1a(EUCOMM)Wtsi>,heterozygote,WTSI,4,0,4,involves: C57BL/6N,MGP Select Pipeline,960
Syt16,Syt16<tm1a(EUCOMM)Wtsi>,homozygote,WTSI,4,1,3,involves: C57BL/6N,MGP Select Pipeline,960
Tatdn3,Tatdn3<tm1a(EUCOMM)Wtsi>,homozygote,WTSI,5,3,2,involves: C57BL/6N,MGP Select Pipeline,960
Tatdn3,Tatdn3<tm1b(EUCOMM)Wtsi>,homozygote,WTSI,8,4,4,involves: C57BL/6N,MGP Select Pipeline,960
Tbc1d22a,Tbc1d22a<tm1b(KOMP)Wtsi>,homozygote,WTSI,4,3,1,involves: C57BL/6N,MGP Select Pipeline,960
Tceal5,Tceal5<tm1a(KOMP)Wtsi>,hemizygote,WTSI,4,4,0,involves: C57BL/6N,MGP Select Pipeline,960
Tceal5,Tceal5<tm1b(KOMP)Wtsi>,hemizygote,WTSI,4,4,0,involves: C57BL/6N,MGP Select Pipeline,960
Tceal9,Tceal9<tm1a(KOMP)Wtsi>,hemizygote,WTSI,4,4,0,involves: C57BL/6N,MGP Select Pipeline,960
Tcf4,Tcf4<tm1a(EUCOMM)Wtsi>,heterozygote,WTSI,4,1,3,involves: C57BL/6N,MGP Select Pipeline,960
Tcf4,Tcf4<tm1a(EUCOMM)Wtsi>,homozygote,WTSI,1,0,1,involves: C57BL/6N,MGP Select Pipeline,960
Tcf7l2,Tcf7l2<tm1a(EUCOMM)Wtsi>,heterozygote,WTSI,4,0,4,involves: C57BL/6N,MGP Select Pipeline,960
Tchp,Tchp<tm1a(EUCOMM)Wtsi>,homozygote,WTSI,4,3,1,involves: C57BL/6N,MGP Select Pipeline,960
Tcp11,Tcp11<tm1a(EUCOMM)Wtsi>,homozygote,WTSI,6,0,6,involves: C57BL/6N,MGP Select Pipeline,960
Tcte1,Tcte1<tm1a(KOMP)Wtsi>,homozygote,WTSI,4,4,0,involves: C57BL/6N,MGP Select Pipeline,960
Tead3,Tead3<tm1a(EUCOMM)Wtsi>,homozygote,WTSI,4,0,4,involves: C57BL/6N,MGP Select Pipeline,960
Tent5c,Tent5c<tm1b(KOMP)Wtsi>,heterozygote,WTSI,4,0,4,involves: C57BL/6N,MGP Select Pipeline,960
Tepsin,Tepsin<tm1b(KOMP)Wtsi>,homozygote,WTSI,4,4,0,involves: C57BL/6N,MGP Select Pipeline,960
Tet1,Tet1<tm1a(KOMP)Wtsi>,heterozygote,WTSI,4,4,0,involves: C57BL/6N,MGP Select Pipeline,960
Tet1,Tet1<tm1a(KOMP)Wtsi>,homozygote,WTSI,2,1,1,involves: C57BL/6N,MGP Select Pipeline,960
Tex38,Tex38<tm1a(KOMP)Wtsi>,homozygote,WTSI,4,4,0,involves: C57BL/6N,MGP Select Pipeline,960
Tff1,Tff1<tm1a(EUCOMM)Wtsi>,homozygote,WTSI,6,4,2,involves: C57BL/6N,MGP Select Pipeline,960
Tgfb1i1,Tgfb1i1<tm1b(KOMP)Wtsi>,homozygote,WTSI,7,1,6,involves: C57BL/6N,MGP Select Pipeline,960
Tgm6,Tgm6<tm1a(KOMP)Wtsi>,homozygote,WTSI,5,0,5,involves: C57BL/6N,MGP Select Pipeline,960
Timeless,Timeless<tm1b(EUCOMM)Hmgu>,heterozygote,WTSI,4,4,0,involves: C57BL/6N,MGP Select Pipeline,960
Timmdc1,Timmdc1<tm1b(EUCOMM)Wtsi>,heterozygote,WTSI,5,5,0,involves: C57BL/6N,MGP Select Pipeline,960
Tlr11,Tlr11<em1(IMPC)Wtsi>,homozygote,WTSI,2,1,1,involves: C57BL/6N,MGP Select Pipeline,960
Tm9sf4,Tm9sf4<tm1a(KOMP)Wtsi>,homozygote,WTSI,5,4,1,involves: C57BL/6N,MGP Select Pipeline,960
Tmc3,Tmc3<tm2b(KOMP)Wtsi>,homozygote,WTSI,7,2,5,involves: C57BL/6N,MGP Select Pipeline,960
Tmco2,Tmco2<tm1a(KOMP)Wtsi>,homozygote,WTSI,2,2,0,involves: C57BL/6N,MGP Select Pipeline,960
Tmem126a,Tmem126a<tm1a(EUCOMM)Wtsi>,homozygote,WTSI,4,4,0,involves: C57BL/6N,MGP Select Pipeline,960
Tmem127,Tmem127<tm1(KOMP)Wtsi>,homozygote,WTSI,4,0,4,involves: C57BL/6N,MGP Select Pipeline,960
Tmem18,Tmem18<tm1b(EUCOMM)Wtsi>,homozygote,WTSI,4,4,0,involves: C57BL/6N,MGP Select Pipeline,960
Tmem185a,Tmem185a<tm1a(KOMP)Wtsi>,homozygote,WTSI,4,0,4,involves: C57BL/6N,MGP Select Pipeline,960
Tmem241,Tmem241<tm1b(EUCOMM)Wtsi>,homozygote,WTSI,4,1,3,involves: C57BL/6N,MGP Select Pipeline,960
Tmem254,Tmem254<tm2a(KOMP)Wtsi>,homozygote,WTSI,4,4,0,involves: C57BL/6N,MGP Select Pipeline,960
Tmem30a,Tmem30a<tm1a(KOMP)Wtsi>,heterozygote,WTSI,5,4,1,involves: C57BL/6N,MGP Select Pipeline,960
Tmem37,Tmem37<tm1a(EUCOMM)Wtsi>,homozygote,WTSI,4,2,2,involves: C57BL/6N,MGP Select Pipeline,960
Tmem42,Tmem42<tm1b(KOMP)Wtsi>,homozygote,WTSI,4,4,0,involves: C57BL/6N,MGP Select Pipeline,960
Tnik,Tnik<tm3a(EUCOMM)Wtsi>,homozygote,WTSI,5,5,0,involves: C57BL/6N,MGP Select Pipeline,960
Tomm20l,Tomm20l<tm1a(EUCOMM)Wtsi>,homozygote,WTSI,5,3,2,involves: C57BL/6N,MGP Select Pipeline,960
Tomm20l,Tomm20l<tm1b(EUCOMM)Wtsi>,homozygote,WTSI,7,2,5,involves: C57BL/6N,MGP Select Pipeline,960
Traf2,Traf2<tm1a(EUCOMM)Wtsi>,heterozygote,WTSI,4,4,0,involves: C57BL/6N,MGP Select Pipeline,960
Traf6,Traf6<tm2a(EUCOMM)Wtsi>,heterozygote,WTSI,4,4,0,involves: C57BL/6N,MGP Select Pipeline,960
Tram2,Tram2<tm1a(KOMP)Wtsi>,homozygote,WTSI,8,3,5,involves: C57BL/6N,MGP Select Pipeline,960
Trappc10,Trappc10<tm1b(KOMP)Wtsi>,homozygote,WTSI,6,2,4,involves: C57BL/6N,MGP Select Pipeline,960
Trappc9,Trappc9<tm1a(EUCOMM)Wtsi>,homozygote,WTSI,4,4,0,involves: C57BL/6N,MGP Select Pipeline,960
Trem1,Trem1<tm1(KOMP)Vlcg>,homozygote,WTSI,4,1,3,involves: C57BL/6N,MGP Select Pipeline,960
Trim17,Trim17<tm1e(EUCOMM)Wtsi>,homozygote,WTSI,4,0,4,involves: C57BL/6N,MGP Select Pipeline,960
Trim21,Trim21<em1(IMPC)Wtsi>,homozygote,WTSI,6,3,3,involves: C57BL/6N,MGP Select Pipeline,960
Trim25,Trim25<tm2b(EUCOMM)Hmgu>,homozygote,WTSI,4,4,0,involves: C57BL/6N,MGP Select Pipeline,960
Trim29,Trim29<tm1a(EUCOMM)Wtsi>,homozygote,WTSI,4,3,1,involves: C57BL/6N,MGP Select Pipeline,960
Trim29,Trim29<tm1b(EUCOMM)Wtsi>,homozygote,WTSI,4,0,4,involves: C57BL/6N,MGP Select Pipeline,960
Trim56,Trim56<tm1a(EUCOMM)Wtsi>,homozygote,WTSI,4,2,2,involves: C57BL/6N,MGP Select Pipeline,960
Trim65,Trim65<tm1b(KOMP)Wtsi>,homozygote,WTSI,4,4,0,involves: C57BL/6N,MGP Select Pipeline,960
Trmt2a,Trmt2a<tm2b(EUCOMM)Wtsi>,homozygote,WTSI,5,0,5,involves: C57BL/6N,MGP Select Pipeline,960
Trp53rkb,Trp53rkb<tm1a(EUCOMM)Wtsi>,homozygote,WTSI,4,0,4,involves: C57BL/6N,MGP Select Pipeline,960
Trub2,Trub2<tm2a(EUCOMM)Wtsi>,heterozygote,WTSI,4,1,3,involves: C57BL/6N,MGP Select Pipeline,960
Tsfm,Tsfm<tm1a(EUCOMM)Wtsi>,heterozygote,WTSI,4,4,0,involves: C57BL/6N,MGP Select Pipeline,960
Tsks,Tsks<em1(IMPC)Wtsi>,homozygote,WTSI,4,2,2,involves: C57BL/6N,MGP Select Pipeline,960
Ttll11,Ttll11<tm1a(EUCOMM)Wtsi>,homozygote,WTSI,4,1,3,involves: C57BL/6N,MGP Select Pipeline,960
Tuba3a,Tuba3a<tm1b(KOMP)Wtsi>,homozygote,WTSI,4,2,2,involves: C57BL/6N,MGP Select Pipeline,960
Tuft1,Tuft1<tm1a(KOMP)Wtsi>,homozygote,WTSI,4,0,4,involves: C57BL/6N,MGP Select Pipeline,960
Ubash3a,Ubash3a<tm1a(KOMP)Wtsi>,homozygote,WTSI,4,0,4,involves: C57BL/6N,MGP Select Pipeline,960
Ube2d1,Ube2d1<tm3e(EUCOMM)Wtsi>,homozygote,WTSI,4,2,2,involves: C57BL/6N,MGP Select Pipeline,960
Ubxn10,Ubxn10<tm1b(EUCOMM)Wtsi>,homozygote,WTSI,7,4,3,involves: C57BL/6N,MGP Select Pipeline,960
Uevld,Uevld<tm1a(EUCOMM)Wtsi>,homozygote,WTSI,4,2,2,involves: C57BL/6N,MGP Select Pipeline,960
Umodl1,Umodl1<tm1a(KOMP)Wtsi>,homozygote,WTSI,6,5,1,involves: C57BL/6N,MGP Select Pipeline,960
Unk,Unk<tm1a(KOMP)Wtsi>,homozygote,WTSI,6,6,0,involves: C57BL/6N,MGP Select Pipeline,960
Upb1,Upb1<tm1a(EUCOMM)Wtsi>,homozygote,WTSI,4,4,0,involves: C57BL/6N,MGP Select Pipeline,960
Uri1,Uri1<tm1a(EUCOMM)Wtsi>,homozygote,WTSI,4,4,0,involves: C57BL/6N,MGP Select Pipeline,960
Ush1c,Ush1c<tm1a(KOMP)Wtsi>,homozygote,WTSI,6,4,2,involves: C57BL/6N,MGP Select Pipeline,960
Ushbp1,Ushbp1<tm1a(EUCOMM)Wtsi>,homozygote,WTSI,8,3,5,involves: C57BL/6N,MGP Select Pipeline,960
Usp11,Usp11<tm1(KOMP)Wtsi>,homozygote,WTSI,4,0,4,involves: C57BL/6N,MGP Select Pipeline,960
Usp20,Usp20<tm1a(EUCOMM)Hmgu>,homozygote,WTSI,4,1,3,involves: C57BL/6N,MGP Select Pipeline,960
Usp21,Usp21<tm1a(EUCOMM)Wtsi>,homozygote,WTSI,4,0,4,involves: C57BL/6N,MGP Select Pipeline,960
Usp22,Usp22<tm1a(KOMP)Wtsi>,heterozygote,WTSI,4,2,2,involves: C57BL/6N,MGP Select Pipeline,960
Usp24,Usp24<tm1a(KOMP)Wtsi>,homozygote,WTSI,4,4,0,involves: C57BL/6N,MGP Select Pipeline,960
Usp3,Usp3<tm1a(EUCOMM)Wtsi>,heterozygote,WTSI,4,2,2,involves: C57BL/6N,MGP Select Pipeline,960
Usp3,Usp3<tm1a(EUCOMM)Wtsi>,homozygote,WTSI,1,0,1,involves: C57BL/6N,MGP Select Pipeline,960
Usp30,Usp30<tm2b(EUCOMM)Hmgu>,homozygote,WTSI,4,2,2,involves: C57BL/6N,MGP Select Pipeline,960
Usp37,Usp37<em1(IMPC)Wtsi>,heterozygote,WTSI,4,4,0,involves: C57BL/6N,MGP Select Pipeline,960
Usp5,Usp5<tm1a(EUCOMM)Hmgu>,heterozygote,WTSI,4,4,0,involves: C57BL/6N,MGP Select Pipeline,960
Vamp3,Vamp3<tm2b(EUCOMM)Wtsi>,homozygote,WTSI,7,2,5,involves: C57BL/6N,MGP Select Pipeline,960
Virma,Virma<tm1a(KOMP)Wtsi>,heterozygote,WTSI,4,4,0,involves: C57BL/6N,MGP Select Pipeline,960
Vps13a,Vps13a<tm1b(EUCOMM)Wtsi>,homozygote,WTSI,6,2,4,involves: C57BL/6N,MGP Select Pipeline,960
Vps33b,Vps33b<tm1a(EUCOMM)Wtsi>,heterozygote,WTSI,4,4,0,involves: C57BL/6N,MGP Select Pipeline,960
Vps51,Vps51<tm1a(KOMP)Wtsi>,heterozygote,WTSI,6,2,4,involves: C57BL/6N,MGP Select Pipeline,960
Vps53,Vps53<tm1a(KOMP)Wtsi>,heterozygote,WTSI,4,4,0,involves: C57BL/6N,MGP Select Pipeline,960
Vps72,Vps72<tm1a(EUCOMM)Wtsi>,heterozygote,WTSI,6,5,1,involves: C57BL/6N,MGP Select Pipeline,960
Vwa3a,Vwa3a<tm1b(KOMP)Wtsi>,homozygote,WTSI,6,4,2,involves: C57BL/6N,MGP Select Pipeline,960
Vxn,Vxn<tm1a(KOMP)Wtsi>,homozygote,WTSI,4,3,1,involves: C57BL/6N,MGP Select Pipeline,960
Vxn,Vxn<tm1b(KOMP)Wtsi>,homozygote,WTSI,4,3,1,involves: C57BL/6N,MGP Select Pipeline,960
Wac,Wac<tm2b(EUCOMM)Wtsi>,heterozygote,WTSI,4,1,3,involves: C57BL/6N,MGP Select Pipeline,960
Washc2,Washc2<tm2b(KOMP)Wtsi>,heterozygote,WTSI,4,1,3,involves: C57BL/6N,MGP Select Pipeline,960
Wdr37,Wdr37<tm1a(KOMP)Wtsi>,homozygote,WTSI,4,0,4,involves: C57BL/6N,MGP Select Pipeline,960
Wdr87-ps,Wdr87-ps<em1(IMPC)Wtsi>,homozygote,WTSI,4,4,0,involves: C57BL/6N,MGP Select Pipeline,960
Wdr89,Wdr89<tm1a(KOMP)Wtsi>,homozygote,WTSI,7,7,0,involves: C57BL/6N,MGP Select Pipeline,960
Wdtc1,Wdtc1<tm1a(KOMP)Wtsi>,homozygote,WTSI,7,3,4,involves: C57BL/6N,MGP Select Pipeline,960
Wfdc18,Wfdc18<tm1a(KOMP)Wtsi>,homozygote,WTSI,6,6,0,involves: C57BL/6N,MGP Select Pipeline,960
Wfikkn2,Wfikkn2<tm1b(EUCOMM)Wtsi>,homozygote,WTSI,3,2,1,involves: C57BL/6N,MGP Select Pipeline,960
Wnt16,Wnt16<tm2b(EUCOMM)Wtsi>,heterozygote,WTSI,4,4,0,involves: C57BL/6N,MGP Select Pipeline,960
Wnt3,Wnt3<tm2a(EUCOMM)Wtsi>,heterozygote,WTSI,6,3,3,involves: C57BL/6N,MGP Select Pipeline,960
Wrap53,Wrap53<tm1b(EUCOMM)Wtsi>,heterozygote,WTSI,4,3,1,involves: C57BL/6N,MGP Select Pipeline,960
Xbp1,Xbp1<tm1a(EUCOMM)Wtsi>,heterozygote,WTSI,4,2,2,involves: C57BL/6N,MGP Select Pipeline,960
Xkrx,Xkrx<tm1b(EUCOMM)Wtsi>,hemizygote,WTSI,4,4,0,involves: C57BL/6N,MGP Select Pipeline,960
Xndc1,Xndc1<tm1a(EUCOMM)Wtsi>,homozygote,WTSI,5,3,2,involves: C57BL/6N,MGP Select Pipeline,960
Xpnpep1,Xpnpep1<tm1a(KOMP)Wtsi>,heterozygote,WTSI,4,1,3,involves: C57BL/6N,MGP Select Pipeline,960
Xpnpep1,Xpnpep1<tm1a(KOMP)Wtsi>,homozygote,WTSI,7,4,3,involves: C57BL/6N,MGP Select Pipeline,960
Xxylt1,Xxylt1<tm1a(EUCOMM)Hmgu>,homozygote,WTSI,4,4,0,involves: C57BL/6N,MGP Select Pipeline,960
Ydjc,Ydjc<tm1(KOMP)Wtsi>,homozygote,WTSI,4,4,0,involves: C57BL/6N,MGP Select Pipeline,960
Yipf7,Yipf7<tm1e(KOMP)Wtsi>,homozygote,WTSI,4,4,0,involves: C57BL/6N,MGP Select Pipeline,960
Ypel4,Ypel4<tm1a(EUCOMM)Wtsi>,homozygote,WTSI,4,2,2,involves: C57BL/6N,MGP Select Pipeline,960
Zbed5,Zbed5<tm1b(EUCOMM)Wtsi>,homozygote,WTSI,4,3,1,involves: C57BL/6N,MGP Select Pipeline,960
Zc3h14,Zc3h14<tm1a(KOMP)Wtsi>,homozygote,WTSI,4,0,4,involves: C57BL/6N,MGP Select Pipeline,960
Zcchc14,Zcchc14<tm1a(KOMP)Wtsi>,heterozygote,WTSI,4,4,0,involves: C57BL/6N,MGP Select Pipeline,960
Zcchc14,Zcchc14<tm1a(KOMP)Wtsi>,homozygote,WTSI,3,2,1,involves: C57BL/6N,MGP Select Pipeline,960
Zfp175,Zfp175<tm1b(EUCOMM)Wtsi>,homozygote,WTSI,4,0,4,involves: C57BL/6N,MGP Select Pipeline,960
Zfp182,Zfp182<tm1a(KOMP)Wtsi>,hemizygote,WTSI,4,4,0,involves: C57BL/6N,MGP Select Pipeline,960
Zfp182,Zfp182<tm1b(KOMP)Wtsi>,hemizygote,WTSI,4,4,0,involves: C57BL/6N,MGP Select Pipeline,960
Zfp239,Zfp239<tm1b(KOMP)Wtsi>,homozygote,WTSI,4,2,2,involves: C57BL/6N,MGP Select Pipeline,960
Zfp266,Zfp266<tm1b(EUCOMM)Wtsi>,homozygote,WTSI,4,1,3,involves: C57BL/6N,MGP Select Pipeline,960
Zfp287,Zfp287<tm1b(EUCOMM)Wtsi>,homozygote,WTSI,8,4,4,involves: C57BL/6N,MGP Select Pipeline,960
Zfp341,Zfp341<tm1a(KOMP)Wtsi>,homozygote,WTSI,4,2,2,involves: C57BL/6N,MGP Select Pipeline,960
Zfp365,Zfp365<tm1a(KOMP)Wtsi>,homozygote,WTSI,4,1,3,involves: C57BL/6N,MGP Select Pipeline,960
Zfp408,Zfp408<tm1b(EUCOMM)Wtsi>,homozygote,WTSI,4,4,0,involves: C57BL/6N,MGP Select Pipeline,960
Zfp616,Zfp616<tm1b(KOMP)Wtsi>,homozygote,WTSI,4,1,3,involves: C57BL/6N,MGP Select Pipeline,960
Zfp719,Zfp719<tm1a(EUCOMM)Wtsi>,homozygote,WTSI,10,4,6,involves: C57BL/6N,MGP Select Pipeline,960
Zfp719,Zfp719<tm1b(EUCOMM)Wtsi>,homozygote,WTSI,11,7,4,involves: C57BL/6N,MGP Select Pipeline,960
Zfp763,Zfp763<em1(IMPC)Wtsi>,homozygote,WTSI,4,2,2,involves: C57BL/6N,MGP Select Pipeline,960
Zfp791,Zfp791<tm1a(KOMP)Wtsi>,homozygote,WTSI,8,4,4,involves: C57BL/6N,MGP Select Pipeline,960
Zfp84,Zfp84<tm1b(KOMP)Wtsi>,homozygote,WTSI,4,2,2,involves: C57BL/6N,MGP Select Pipeline,960
Zfp879,Zfp879<tm2b(KOMP)Wtsi>,homozygote,WTSI,4,3,1,involves: C57BL/6N,MGP Select Pipeline,960
Zfyve28,Zfyve28<tm1b(EUCOMM)Wtsi>,homozygote,WTSI,4,0,4,involves: C57BL/6N,MGP Select Pipeline,960
Zkscan17,Zkscan17<tm1b(EUCOMM)Wtsi>,heterozygote,WTSI,4,4,0,involves: C57BL/6N,MGP Select Pipeline,960
Zranb1,Zranb1<tm1a(EUCOMM)Hmgu>,homozygote,WTSI,4,4,0,involves: C57BL/6N,MGP Select Pipeline,960
Zscan10,Zscan10<tm2a(EUCOMM)Wtsi>,heterozygote,WTSI,4,4,0,involves: C57BL/6N,MGP Select Pipeline,960
Zscan2,Zscan2<tm1a(KOMP)Wtsi>,homozygote,WTSI,4,3,1,involves: C57BL/6N,MGP Select Pipeline,960
