gene_symbol,allele_symbol,zygosity,center,all_bayes_factor,all_p_hearing_loss,all_hdi_lower,all_hdi_upper,all_n_mutants,all_n_controls,all_analysis_key,all_effect_6kHz-evoked,all_effect_12kHz-evoked,all_effect_18kHz-evoked,all_effect_24kHz-evoked,all_effect_30kHz-evoked,male_bayes_factor,male_p_hearing_loss,male_hdi_lower,male_hdi_upper,male_n_mutants,male_n_controls,male_analysis_key,male_effect_6kHz-evoked,male_effect_12kHz-evoked,male_effect_18kHz-evoked,male_effect_24kHz-evoked,male_effect_30kHz-evoked,female_bayes_factor,female_p_hearing_loss,female_hdi_lower,female_hdi_upper,female_n_mutants,female_n_controls,female_analysis_key,female_effect_6kHz-evoked,female_effect_12kHz-evoked,female_effect_18kHz-evoked,female_effect_24kHz-evoked,female_effect_30kHz-evoked,gene_classification
Plcb4,Plcb4<tm1b(EUCOMM)Wtsi>,homozygote,UC Davis,3.4077134986225897,0.625,0.332,0.915,4.0,569.0,Plcb4_Plcb4<tm1b(EUCOMM)Wtsi>_homozygote_UC Davis,10.219,11.588,11.518,20.832,32.446,,,,,,,,,,,,,,,,,,,,,,,,,Novel
Mir96,Mir96<tm2.2(IMPC)Wtsi>,homozygote,WTSI,10.220196353436185,0.701,0.448,0.941,6.0,904.0,Mir96_Mir96<tm2.2(IMPC)Wtsi>_homozygote_WTSI,56.43,68.495,66.137,56.957,43.013,10.251758087201123,0.702,0.452,0.945,6.0,453.0,Mir96_Mir96<tm2.2(IMPC)Wtsi>_homozygote_WTSI_male,56.374,68.679,67.611,57.774,43.73,,,,,,,,,,,,,Known
Mir96,Mir96<tm3.2(IMPC)Wtsi>,homozygote,WTSI,5.920415224913495,0.666,0.388,0.925,5.0,904.0,Mir96_Mir96<tm3.2(IMPC)Wtsi>_homozygote_WTSI,55.314,66.953,64.751,55.384,41.39,1.874595759971254,0.57,0.257,0.893,3.0,453.0,Mir96_Mir96<tm3.2(IMPC)Wtsi>_homozygote_WTSI_male,51.398,61.825,61.75,51.017,37.228,,,,,,,,,,,,,Known
Wdr45,Wdr45<em1(IMPC)J>,homozygote,JAX,3.206098843322818,0.621,0.326,0.922,4.0,2541.0,Wdr45_Wdr45<em1(IMPC)J>_homozygote_JAX,12.325,13.967,30.072,21.958,18.507,,,,,,,,,,,,,3.2757883484767505,0.621,0.314,0.905,4.0,1277.0,Wdr45_Wdr45<em1(IMPC)J>_homozygote_JAX_female,12.623,13.919,29.989,21.834,18.451,Known
Wdr45,Wdr45<em1(IMPC)J>,hemizygote,JAX,3.4918585064570467,0.626,0.34,0.93,4.0,2541.0,Wdr45_Wdr45<em1(IMPC)J>_hemizygote_JAX,14.116,13.172,29.215,14.401,16.467,3.3080236941303176,0.622,0.319,0.905,4.0,1264.0,Wdr45_Wdr45<em1(IMPC)J>_hemizygote_JAX_male,13.695,13.224,29.209,14.733,16.518,,,,,,,,,,,,,Known
Lpp,Lpp<tm1b(KOMP)Wtsi>,homozygote,HMGU,4.925925925925926,0.658,0.384,0.939,6.0,1804.0,Lpp_Lpp<tm1b(KOMP)Wtsi>_homozygote_HMGU,19.059,14.805,14.126,17.426,16.299,,,,,,,,,,,,,1.7855153203342615,0.563,0.231,0.867,4.0,884.0,Lpp_Lpp<tm1b(KOMP)Wtsi>_homozygote_HMGU_female,20.987,17.425,16.053,18.777,18.481,Novel
Lpp,Lpp<tm1b(KOMP)Wtsi>,heterozygote,HMGU,6.866273352999016,0.661,0.416,0.902,8.0,1804.0,Lpp_Lpp<tm1b(KOMP)Wtsi>_heterozygote_HMGU,16.298,13.665,13.944,14.064,15.337,0.8748535270681977,0.484,0.159,0.789,4.0,920.0,Lpp_Lpp<tm1b(KOMP)Wtsi>_heterozygote_HMGU_male,15.269,14.674,16.983,14.73,15.869,2.966286564204264,0.615,0.306,0.92,4.0,884.0,Lpp_Lpp<tm1b(KOMP)Wtsi>_heterozygote_HMGU_female,19.056,14.708,13.411,15.527,16.999,Novel
Cep250,Cep250<tm1a(EUCOMM)Wtsi>,homozygote,WTSI,17.30663615560641,0.727,0.485,0.945,7.0,904.0,Cep250_Cep250<tm1a(EUCOMM)Wtsi>_homozygote_WTSI,5.592,3.659,7.77,37.198,42.917,5.0652009097801365,0.66,0.374,0.922,5.0,453.0,Cep250_Cep250<tm1a(EUCOMM)Wtsi>_homozygote_WTSI_male,5.497,5.813,10.116,36.455,40.059,,,,,,,,,,,,,Known
Gm5148,Gm5148<em1(IMPC)Ccpcz>,heterozygote,CCP-IMG,4.965697240865026,0.628,0.387,0.867,13.0,2953.0,Gm5148_Gm5148<em1(IMPC)Ccpcz>_heterozygote_CCP-IMG,12.204,12.685,14.129,13.335,14.114,0.2872083668543845,0.379,0.106,0.652,8.0,1480.0,Gm5148_Gm5148<em1(IMPC)Ccpcz>_heterozygote_CCP-IMG_male,15.102,14.026,16.13,14.954,18.441,3.3596730245231607,0.621,0.325,0.915,5.0,1473.0,Gm5148_Gm5148<em1(IMPC)Ccpcz>_heterozygote_CCP-IMG_female,13.221,15.657,14.983,15.592,15.894,Novel
Blvrb,Blvrb<tm1(KOMP)Wtsi>,homozygote,MARC,9.6951871657754,0.684,0.434,0.92,8.0,147.0,Blvrb_Blvrb<tm1(KOMP)Wtsi>_homozygote_MARC,10.147,13.332,21.861,31.802,28.366,3.4004400440044003,0.623,0.334,0.92,4.0,83.0,Blvrb_Blvrb<tm1(KOMP)Wtsi>_homozygote_MARC_male,14.367,16.036,14.015,27.674,26.993,0.998001998001998,0.501,0.216,0.827,4.0,64.0,Blvrb_Blvrb<tm1(KOMP)Wtsi>_homozygote_MARC_female,10.473,15.321,30.75,31.666,24.849,Novel
Atg4b,Atg4b<em1(IMPC)Marc>,homozygote,MARC,3.481792717086835,0.626,0.314,0.908,4.0,147.0,Atg4b_Atg4b<em1(IMPC)Marc>_homozygote_MARC,24.752,20.26,12.256,20.108,26.785,,,,,,,,,,,,,,,,,,,,,,,,,Novel
Wrnip1,Wrnip1<tm1b(EUCOMM)Wtsi>,homozygote,HMGU,8.248554913294798,0.692,0.422,0.932,6.0,1804.0,Wrnip1_Wrnip1<tm1b(EUCOMM)Wtsi>_homozygote_HMGU,17.17,12.448,13.1,13.324,12.307,3.075394803871625,0.613,0.313,0.91,4.0,920.0,Wrnip1_Wrnip1<tm1b(EUCOMM)Wtsi>_homozygote_HMGU_male,17.572,13.469,14.252,14.896,14.574,,,,,,,,,,,,,Novel
Cimip2b,Cimip2b<tm1(KOMP)Wtsi>,homozygote,MARC,3.3057050592034445,0.622,0.319,0.9,4.0,147.0,Cimip2b_Cimip2b<tm1(KOMP)Wtsi>_homozygote_MARC,11.381,12.537,9.784,32.058,25.539,,,,,,,,,,,,,,,,,,,,,,,,,Novel
Klc2,Klc2<tm1e(EUCOMM)Wtsi>,homozygote,WTSI,346.8260869565217,0.824,0.662,0.975,13.0,904.0,Klc2_Klc2<tm1e(EUCOMM)Wtsi>_homozygote_WTSI,48.395,53.23,44.694,40.257,38.126,14.32567049808429,0.718,0.48,0.952,7.0,453.0,Klc2_Klc2<tm1e(EUCOMM)Wtsi>_homozygote_WTSI_male,52.28,57.224,57.582,50.141,41.828,9.471204188481677,0.699,0.44,0.942,6.0,451.0,Klc2_Klc2<tm1e(EUCOMM)Wtsi>_homozygote_WTSI_female,39.545,43.517,27.656,25.582,27.632,Known
Spns2,Spns2<tm1b(KOMP)Wtsi>,homozygote,WTSI,29.303030303030305,0.751,0.53,0.953,8.0,54.0,Spns2_Spns2<tm1b(KOMP)Wtsi>_homozygote_WTSI,57.333,65.703,65.7,50.679,36.75,10.235955056179776,0.699,0.454,0.944,6.0,25.0,Spns2_Spns2<tm1b(KOMP)Wtsi>_homozygote_WTSI_male,50.665,38.037,41.681,50.229,33.697,,,,,,,,,,,,,Novel
Phf3,Phf3<em2(IMPC)Marc>,homozygote,MARC,5.796941376380628,0.666,0.39,0.931,5.0,147.0,Phf3_Phf3<em2(IMPC)Marc>_homozygote_MARC,7.655,11.573,8.678,33.722,27.486,,,,,,,,,,,,,1.9175784099197664,0.573,0.264,0.898,3.0,64.0,Phf3_Phf3<em2(IMPC)Marc>_homozygote_MARC_female,11.197,13.662,11.492,33.597,25.547,Novel
Klhl18,Klhl18<tm1a(KOMP)Wtsi>,homozygote,WTSI,28.197080291970803,0.75,0.537,0.961,8.0,904.0,Klhl18_Klhl18<tm1a(KOMP)Wtsi>_homozygote_WTSI,44.745,46.855,33.801,22.948,16.44,17.433179723502302,0.728,0.491,0.949,7.0,453.0,Klhl18_Klhl18<tm1a(KOMP)Wtsi>_homozygote_WTSI_male,43.597,45.144,34.529,21.868,17.658,,,,,,,,,,,,,Novel
Ankrd24,Ankrd24<em1(IMPC)J>,homozygote,JAX,3.04244567963618,0.597,0.333,0.853,8.0,2541.0,Ankrd24_Ankrd24<em1(IMPC)J>_homozygote_JAX,6.641,25.287,41.464,15.122,15.817,0.3717421124828532,0.397,0.082,0.696,4.0,1264.0,Ankrd24_Ankrd24<em1(IMPC)J>_homozygote_JAX_male,11.692,22.034,34.245,15.617,16.694,3.5300113250283127,0.624,0.323,0.918,4.0,1277.0,Ankrd24_Ankrd24<em1(IMPC)J>_homozygote_JAX_female,7.085,25.71,38.448,16.902,17.056,Novel
Osbpl8,Osbpl8<em1(IMPC)Tcp>,homozygote,TCP,28.52029520295203,0.75,0.527,0.957,8.0,588.0,Osbpl8_Osbpl8<em1(IMPC)Tcp>_homozygote_TCP,36.895,39.939,39.337,36.082,29.247,3.340748779164406,0.624,0.328,0.911,4.0,293.0,Osbpl8_Osbpl8<em1(IMPC)Tcp>_homozygote_TCP_male,37.511,36.336,36.322,32.012,27.663,3.5045045045045047,0.625,0.334,0.899,4.0,295.0,Osbpl8_Osbpl8<em1(IMPC)Tcp>_homozygote_TCP_female,32.537,41.372,39.535,36.236,27.695,Novel
Lrp1b,Lrp1b<em1(IMPC)Hmgu>,heterozygote,HMGU,15.227180527383368,0.721,0.479,0.946,7.0,1804.0,Lrp1b_Lrp1b<em1(IMPC)Hmgu>_heterozygote_HMGU,19.321,13.087,13.424,15.704,18.726,1.9218407596785976,0.57,0.246,0.881,3.0,920.0,Lrp1b_Lrp1b<em1(IMPC)Hmgu>_heterozygote_HMGU_male,19.872,14.508,15.783,17.571,19.776,2.3458803847762444,0.596,0.271,0.905,4.0,884.0,Lrp1b_Lrp1b<em1(IMPC)Hmgu>_heterozygote_HMGU_female,19.364,14.073,13.677,15.467,18.534,Novel
Nedd4l,Nedd4l<tm1b(KOMP)Wtsi>,homozygote,MRC Harwell,6.168458781362007,0.666,0.389,0.919,5.0,858.0,Nedd4l_Nedd4l<tm1b(KOMP)Wtsi>_homozygote_MRC Harwell,38.274,43.272,44.338,43.855,31.666,,,,,,,,,,,,,1.881844380403458,0.571,0.25,0.888,3.0,426.0,Nedd4l_Nedd4l<tm1b(KOMP)Wtsi>_homozygote_MRC Harwell_female,34.521,37.696,38.581,38.821,28.306,Known
Kif13a,Kif13a<em1(IMPC)Mbp>,homozygote,UC Davis,3.451864218141347,0.626,0.332,0.913,4.0,569.0,Kif13a_Kif13a<em1(IMPC)Mbp>_homozygote_UC Davis,28.467,39.704,37.357,36.505,27.669,,,,,,,,,,,,,,,,,,,,,,,,,Novel
Clrn2,Clrn2<em1(IMPC)J>,homozygote,JAX,29.53435114503817,0.749,0.53,0.956,8.0,2541.0,Clrn2_Clrn2<em1(IMPC)J>_homozygote_JAX,46.775,45.978,54.336,45.535,34.0,3.3883708173340645,0.625,0.321,0.909,4.0,1264.0,Clrn2_Clrn2<em1(IMPC)J>_homozygote_JAX_male,42.445,40.549,47.709,39.514,30.796,3.3691971600218458,0.625,0.317,0.9,4.0,1277.0,Clrn2_Clrn2<em1(IMPC)J>_homozygote_JAX_female,43.802,41.448,47.802,39.958,30.883,Known
Otoa,Otoa<tm1.1(KOMP)Vlcg>,homozygote,UC Davis,32.61,0.75,0.535,0.961,8.0,574.0,Otoa_Otoa<tm1.1(KOM50.38774165,45.04393673,39.91915641,3.310344827586207,0.622,0.333,0.919,4.0,281.0,Otoa_Otoa<tm1.1(KOMP)Vlcg>_homozygote_UC Davis_male,31.855,34.299,37.779,35.479,30.545,3.5095828635851185,0.626,0.327,0.898,4.0,288.0,Otoa_Otoa<tm1.1(KOMP)Vlcg>_homozygote_UC Davis_female,35.632,40.061,42.888,37.517,27.696,,,,Known
Fbxo38,Fbxo38<em2(IMPC)Marc>,homozygote,MARC,3.173187271778821,0.617,0.331,0.923,4.0,147.0,Fbxo38_Fbxo38<em2(IMPC)Marc>_homozygote_MARC,9.957,14.44,7.546,19.37,26.707,,,,,,,,,,,,,,,,,,,,,,,,,Novel
Slc17a8,Slc17a8<em1(IMPC)Mbp>,homozygote,UC Davis,3.3859649122807016,0.624,0.337,0.924,4.0,569.0,Slc17a8_Slc17a8<em1(IMPC)Mbp>_homozygote_UC Davis,40.098,50.851,56.095,49.475,32.516,,,,,,,,,,,,,,,,,,,,,,,,,Known
Ankrd11,Ankrd11<tm1b(EUCOMM)Wtsi>,heterozygote,ICS,7.097165991902834,0.63,0.428,0.837,15.0,1512.0,Ankrd11_Ankrd11<tm1b(EUCOMM)Wtsi>_heterozygote_ICS,27.002,23.426,19.864,26.454,25.834,0.2075471698113207,0.363,0.128,0.631,7.0,767.0,Ankrd11_Ankrd11<tm1b(EUCOMM)Wtsi>_heterozygote_ICS_male,20.567,22.654,19.003,20.846,20.426,31.388663967611336,0.75,0.529,0.955,8.0,745.0,Ankrd11_Ankrd11<tm1b(EUCOMM)Wtsi>_heterozygote_ICS_female,28.648,22.988,20.063,26.908,25.412,Candidate
Krtcap2,Krtcap2<em1(IMPC)J>,homozygote,JAX,28.9625468164794,0.751,0.519,0.945,8.0,2541.0,Krtcap2_Krtcap2<em1(IMPC)J>_homozygote_JAX,6.338,11.592,39.457,9.235,16.757,3.3383947939262475,0.623,0.336,0.923,4.0,1264.0,Krtcap2_Krtcap2<em1(IMPC)J>_homozygote_JAX_male,9.255,17.812,39.238,13.403,17.867,3.3787629994526545,0.626,0.344,0.922,4.0,1277.0,Krtcap2_Krtcap2<em1(IMPC)J>_homozygote_JAX_female,7.107,8.445,32.257,9.914,17.044,Novel
Rab11fip3,Rab11fip3<em1(IMPC)J>,homozygote,JAX,29.18867924528302,0.75,0.526,0.955,8.0,2541.0,Rab11fip3_Rab11fip3<em1(IMPC)J>_homozygote_JAX,21.032,36.906,47.568,23.858,33.973,3.402861860209136,0.623,0.325,0.904,4.0,1264.0,Rab11fip3_Rab11fip3<em1(IMPC)J>_homozygote_JAX_male,14.632,29.942,43.879,16.059,30.785,3.3883708173340645,0.626,0.328,0.909,4.0,1277.0,Rab11fip3_Rab11fip3<em1(IMPC)J>_homozygote_JAX_female,27.251,37.474,40.683,30.187,30.871,Novel
Aak1,Aak1<tm1b(EUCOMM)Hmgu>,homozygote,ICS,63.0,0.733,0.545,0.907,17.0,1512.0,Aak1_Aak1<tm1b(EUCOMM)Hmgu>_homozygote_ICS,20.035,29.386,37.194,42.947,31.073,31.388663967611336,0.75,0.54,0.959,8.0,767.0,Aak1_Aak1<tm1b(EUCOMM)Hmgu>_homozygote_ICS_male,18.479,24.067,24.288,34.533,30.08,4.115089514066496,0.617,0.365,0.85,9.0,745.0,Aak1_Aak1<tm1b(EUCOMM)Hmgu>_homozygote_ICS_female,21.274,32.912,45.245,41.731,26.076,Known
Btbd7,Btbd7<em1(IMPC)Ccpcz>,homozygote,CCP-IMG,56.142857142857146,0.751,0.56,0.937,15.0,2953.0,Btbd7_Btbd7<em1(IMPC)Ccpcz>_homozygote_CCP-IMG,27.347,5.079,9.97,11.846,14.045,0.7010418881564958,0.467,0.199,0.753,7.0,1480.0,Btbd7_Btbd7<em1(IMPC)Ccpcz>_homozygote_CCP-IMG_male,27.106,8.208,14.564,15.934,18.631,25.058631921824105,0.742,0.517,0.954,8.0,1473.0,Btbd7_Btbd7<em1(IMPC)Ccpcz>_homozygote_CCP-IMG_female,27.322,7.055,10.512,12.571,14.076,Novel
Elmod1,Elmod1<tm1b(EUCOMM)Hmgu>,homozygote,MRC Harwell,3.3057050592034445,0.624,0.328,0.907,4.0,858.0,Elmod1_Elmod1<tm1b(EUCOMM)Hmgu>_homozygote_MRC Harwell,36.305,40.671,41.927,41.472,30.163,,,,,,,,,,,,,,,,,,,,,,,,,Known
Myo7a,Myo7a<tm1a(EUCOMM)Wtsi>,homozygote,WTSI,33.63203463203463,0.751,0.534,0.953,8.0,904.0,Myo7a_Myo7a<tm1a(EUCOMM)Wtsi>_homozygote_WTSI,57.937,70.464,67.955,59.083,45.433,3.239533651298357,0.624,0.319,0.916,4.0,453.0,Myo7a_Myo7a<tm1a(EUCOMM)Wtsi>_homozygote_WTSI_male,53.747,64.981,64.478,54.086,39.925,3.2440318302387268,0.625,0.326,0.913,4.0,451.0,Myo7a_Myo7a<tm1a(EUCOMM)Wtsi>_homozygote_WTSI_female,53.521,64.119,60.938,52.265,38.911,Novel
Grxcr1,Grxcr1<em1(IMPC)J>,homozygote,JAX,32.47280334728033,0.749,0.524,0.946,8.0,2541.0,Grxcr1_Grxcr1<em1(IMPC)J>_homozygote_JAX,46.776,45.973,51.923,43.794,32.223,3.5845272206303727,0.626,0.338,0.903,4.0,1264.0,Grxcr1_Grxcr1<em1(IMPC)J>_homozygote_JAX_male,42.435,40.568,43.794,36.77,28.111,3.350190320826536,0.625,0.325,0.909,4.0,1277.0,Grxcr1_Grxcr1<em1(IMPC)J>_homozygote_JAX_female,43.784,41.441,47.85,39.971,30.82,Known
Zfp719,Zfp719<tm1b(EUCOMM)Wtsi>,homozygote,WTSI,172.91304347826087,0.801,0.627,0.97,11.0,904.0,Zfp719_Zfp719<tm1b(EUCOMM)Wtsi>_homozygote_WTSI,37.672,69.14,69.57,61.059,47.769,17.561484918793504,0.726,0.494,0.957,7.0,453.0,Zfp719_Zfp719<tm1b(EUCOMM)Wtsi>_homozygote_WTSI_male,32.491,64.948,68.611,59.033,45.06,3.37636761487965,0.626,0.341,0.926,4.0,451.0,Zfp719_Zfp719<tm1b(EUCOMM)Wtsi>_homozygote_WTSI_female,41.582,64.158,60.971,52.243,38.849,Candidate
Zfp719,Zfp719<tm1a(EUCOMM)Wtsi>,homozygote,WTSI,85.02150537634408,0.786,0.59,0.961,10.0,904.0,Zfp719_Zfp719<tm1a(EUCOMM)Wtsi>_homozygote_WTSI,33.169,57.9,67.749,60.542,47.085,3.456824512534819,0.625,0.329,0.907,4.0,453.0,Zfp719_Zfp719<tm1a(EUCOMM)Wtsi>_homozygote_WTSI_male,24.369,49.899,64.513,54.029,39.906,10.204481792717086,0.699,0.445,0.942,6.0,451.0,Zfp719_Zfp719<tm1a(EUCOMM)Wtsi>_homozygote_WTSI_female,37.329,57.022,62.432,55.988,42.392,Candidate
Cep85l,Cep85l<em1(IMPC)Mbp>,homozygote,UC Davis,3.3313481321061182,0.623,0.307,0.9,4.0,569.0,Cep85l_Cep85l<em1(IMPC)Mbp>_homozygote_UC Davis,40.091,50.852,56.084,49.44,32.464,,,,,,,,,,,,,,,,,,,,,,,,,Novel
Duoxa2,Duoxa2<tm1b(KOMP)Wtsi>,homozygote,WTSI,33.93449781659389,0.749,0.528,0.944,8.0,904.0,Duoxa2_Duoxa2<tm1b(KOMP)Wtsi>_homozygote_WTSI,56.833,69.334,66.302,58.12,44.55,10.851851851851851,0.701,0.459,0.947,6.0,453.0,Duoxa2_Duoxa2<tm1b(KOMP)Wtsi>_homozygote_WTSI_male,54.966,67.188,65.461,56.454,42.669,,,,,,,,,,,,,Candidate
Hsd17b4,Hsd17b4<em1(IMPC)Tcp>,homozygote,TCP,3.07955124936257,0.62,0.327,0.92,4.0,588.0,Hsd17b4_Hsd17b4<em1(IMPC)Tcp>_homozygote_TCP,14.478,8.893,10.662,11.498,11.697,,,,,,,,,,,,,,,,,,,,,,,,,Known
Col9a2,Col9a2<tm1b(EUCOMM)Wtsi>,homozygote,MRC Harwell,3.5792787635947336,0.626,0.333,0.918,4.0,858.0,Col9a2_Col9a2<tm1b(EUCOMM)Wtsi>_homozygote_MRC Harwell,28.45,25.325,26.941,32.141,26.851,,,,,,,,,,,,,,,,,,,,,,,,,Known
Nlk,Nlk<tm2b(KOMP)Wtsi>,heterozygote,ICS,11.82051282051282,0.672,0.449,0.874,16.0,1512.0,Nlk_Nlk<tm2b(KOMP)Wtsi>_heterozygote_ICS,15.068,8.697,11.067,16.534,26.149,0.6303240269003464,0.459,0.189,0.743,8.0,767.0,Nlk_Nlk<tm2b(KOMP)Wtsi>_heterozygote_ICS_male,18.503,12.202,13.198,19.535,23.545,5.211180124223603,0.658,0.371,0.923,8.0,745.0,Nlk_Nlk<tm2b(KOMP)Wtsi>_heterozygote_ICS_female,14.442,9.165,12.167,16.385,24.742,Novel
Plscr5,Plscr5<em1(IMPC)J>,homozygote,JAX,30.25,0.75,0.528,0.955,8.0,2541.0,Plscr5_Plscr5<em1(IMPC)J>_homozygote_JAX,24.69,38.806,43.763,33.569,25.581,3.600345025876941,0.626,0.324,0.898,4.0,1264.0,Plscr5_Plscr5<em1(IMPC)J>_homozygote_JAX_male,22.694,37.51,44.619,34.139,26.698,3.350190320826536,0.623,0.332,0.915,4.0,1277.0,Plscr5_Plscr5<em1(IMPC)J>_homozygote_JAX_female,25.435,32.778,33.85,26.742,21.87,Novel
Arv1,Arv1<em1(IMPC)J>,homozygote,JAX,4.8013052936910805,0.638,0.38,0.898,7.0,2541.0,Arv1_Arv1<em1(IMPC)J>_homozygote_JAX,30.116,30.54,33.473,24.972,15.563,1.8776978417266188,0.571,0.261,0.898,3.0,1264.0,Arv1_Arv1<em1(IMPC)J>_homozygote_JAX_male,29.529,30.122,33.596,27.6,21.495,1.009545340366742,0.5,0.187,0.791,4.0,1277.0,Arv1_Arv1<em1(IMPC)J>_homozygote_JAX_female,27.272,26.035,27.196,19.539,11.887,Novel
Kcne1,Kcne1<tm1b(EUCOMM)Hmgu>,homozygote,ICS,614.3846153846154,0.834,0.682,0.976,14.0,1512.0,Kcne1_Kcne1<tm1b(EUCOMM)Hmgu>_homozygote_ICS,49.293,70.722,67.809,54.778,35.516,10.157601115760112,0.7,0.448,0.945,6.0,767.0,Kcne1_Kcne1<tm1b(EUCOMM)Hmgu>_homozygote_ICS_male,41.566,60.819,58.407,46.459,30.855,28.85074626865672,0.749,0.523,0.946,8.0,745.0,Kcne1_Kcne1<tm1b(EUCOMM)Hmgu>_homozygote_ICS_female,46.991,68.127,63.873,49.1,30.421,Known
Tprn,Tprn<tm1.1(KOMP)Vlcg>,homozygote,JAX,30.496062992125985,0.749,0.535,0.957,8.0,2541.0,Tprn_Tprn<tm1.1(KOMP)Vlcg>_homozygote_JAX,46.772,45.985,54.354,45.558,33.96,3.3835616438356166,0.625,0.329,0.918,4.0,1264.0,Tprn_Tprn<tm1.1(KOMP)Vlcg>_homozygote_JAX_male,42.459,40.563,47.726,39.468,30.8,3.5095828635851185,0.626,0.331,0.906,4.0,1277.0,Tprn_Tprn<tm1.1(KOMP)Vlcg>_homozygote_JAX_female,43.788,41.491,47.815,39.97,30.8,Known
Otog,Otog<em1(IMPC)J>,homozygote,JAX,29.76923076923077,0.749,0.532,0.954,8.0,2541.0,Otog_Otog<em1(IMPC)J>_homozygote_JAX,33.592,39.751,37.516,33.556,26.873,3.6242774566473983,0.629,0.328,0.906,4.0,1264.0,Otog_Otog<em1(IMPC)J>_homozygote_JAX_male,30.797,37.498,33.839,31.469,23.319,3.393190554640308,0.627,0.342,0.922,4.0,1277.0,Otog_Otog<em1(IMPC)J>_homozygote_JAX_female,32.704,34.365,34.577,29.576,27.375,Known
Usp53,Usp53<em1(IMPC)Tcp>,homozygote,TCP,10.494252873563218,0.701,0.444,0.934,6.0,588.0,Usp53_Usp53<em1(IMPC)Tcp>_homozygote_TCP,46.879,61.51,56.311,46.648,33.713,1.9357798165137616,0.571,0.251,0.887,3.0,293.0,Usp53_Usp53<em1(IMPC)Tcp>_homozygote_TCP_male,42.688,57.607,52.623,41.719,31.109,1.8551034975017844,0.569,0.244,0.884,3.0,295.0,Usp53_Usp53<em1(IMPC)Tcp>_homozygote_TCP_female,43.777,59.168,53.031,43.142,30.738,Known
Minar2,Minar2<tm1b(KOMP)Wtsi>,homozygote,WTSI,30.872509960159363,0.75,0.531,0.956,8.0,904.0,Minar2_Minar2<tm1b(KOMP)Wtsi>_homozygote_WTSI,57.951,70.463,67.984,59.125,45.408,3.345464421510049,0.623,0.323,0.914,4.0,453.0,Minar2_Minar2<tm1b(KOMP)Wtsi>_homozygote_WTSI_male,53.712,64.98,64.5,54.094,39.963,3.39802089059923,0.625,0.333,0.912,4.0,451.0,Minar2_Minar2<tm1b(KOMP)Wtsi>_homozygote_WTSI_female,53.524,64.173,60.967,52.272,38.888,Known
Phf10,Phf10<tm1b(EUCOMM)Hmgu>,heterozygote,HMGU,26.303754266211605,0.742,0.514,0.942,8.0,1804.0,Phf10_Phf10<tm1b(EUCOMM)Hmgu>_heterozygote_HMGU,19.132,14.746,13.69,16.228,17.94,3.3883708173340645,0.622,0.33,0.906,4.0,920.0,Phf10_Phf10<tm1b(EUCOMM)Hmgu>_heterozygote_HMGU_male,16.875,16.064,15.074,16.523,16.6,0.8058690744920993,0.472,0.123,0.82,4.0,884.0,Phf10_Phf10<tm1b(EUCOMM)Hmgu>_heterozygote_HMGU_female,23.142,17.839,16.848,19.304,21.01,Novel
Col9a3,Col9a3<em1(IMPC)Tcp>,homozygote,TCP,10.157601115760112,0.699,0.444,0.939,6.0,588.0,Col9a3_Col9a3<em1(IMPC)Tcp>_homozygote_TCP,9.411,6.908,12.017,15.173,13.337,1.7845457709711103,0.567,0.245,0.893,3.0,293.0,Col9a3_Col9a3<em1(IMPC)Tcp>_homozygote_TCP_male,10.162,5.98,12.347,16.257,14.913,1.1197668256491786,0.516,0.187,0.873,3.0,295.0,Col9a3_Col9a3<em1(IMPC)Tcp>_homozygote_TCP_female,12.17,11.432,13.712,15.929,14.666,Known
Myo6,Myo6<em1(IMPC)Tcp>,homozygote,TCP,3.429678848283499,0.625,0.344,0.928,4.0,588.0,Myo6_Myo6<em1(IMPC)Tcp>_homozygote_TCP,44.963,59.955,54.561,44.455,32.13,,,,,,,,,,,,,,,,,,,,,,,,,Known
Mcidas,Mcidas<em2(IMPC)Tcp>,homozygote,TCP,26.491408934707906,0.749,0.516,0.952,8.0,588.0,Mcidas_Mcidas<em2(IMPC)Tcp>_homozygote_TCP,22.586,20.552,19.699,18.877,14.858,3.4272274488101826,0.626,0.326,0.916,4.0,293.0,Mcidas_Mcidas<em2(IMPC)Tcp>_homozygote_TCP_male,20.089,16.655,18.284,17.431,15.632,3.4717719396310787,0.625,0.34,0.926,4.0,295.0,Mcidas_Mcidas<em2(IMPC)Tcp>_homozygote_TCP_female,24.597,24.482,21.174,20.717,15.861,Novel
Otogl,Otogl<em1(IMPC)J>,homozygote,JAX,17.433179723502302,0.726,0.494,0.946,7.0,2541.0,Otogl_Otogl<em1(IMPC)J>_homozygote_JAX,43.832,45.117,53.241,42.586,33.442,1.9553010712966383,0.573,0.244,0.882,3.0,1264.0,Otogl_Otogl<em1(IMPC)J>_homozygote_JAX_male,36.118,38.123,44.564,33.833,29.404,3.3313481321061182,0.625,0.331,0.912,4.0,1277.0,Otogl_Otogl<em1(IMPC)J>_homozygote_JAX_female,43.789,41.448,47.82,39.982,30.802,Known
Homer2,Homer2<em1(IMPC)J>,homozygote,JAX,29.76923076923077,0.75,0.532,0.953,8.0,2541.0,Homer2_Homer2<em1(IMPC)J>_homozygote_JAX,29.446,29.307,48.51,31.819,21.637,3.63768115942029,0.626,0.339,0.92,4.0,1264.0,Homer2_Homer2<em1(IMPC)J>_homozygote_JAX_male,25.391,26.959,44.605,29.448,19.919,3.4717719396310787,0.625,0.324,0.914,4.0,1277.0,Homer2_Homer2<em1(IMPC)J>_homozygote_JAX_female,30.923,28.091,41.594,28.875,22.578,Known
Ppp1r14a,Ppp1r14a<em1(IMPC)Marc>,homozygote,MARC,3.333694474539545,0.624,0.328,0.909,4.0,147.0,Ppp1r14a_Ppp1r14a<em1(IMPC)Marc>_homozygote_MARC,6.842,12.494,8.114,29.036,26.778,,,,,,,,,,,,,,,,,,,,,,,,,Novel
Brd2,Brd2<em1(IMPC)Wtsi>,heterozygote,WTSI,4.449591280653951,0.646,0.355,0.92,6.0,904.0,Brd2_Brd2<em1(IMPC)Wtsi>_heterozygote_WTSI,3.839,7.006,4.106,14.768,31.569,,,,,,,,,,,,,0.034393586759762,0.146,0.0,0.41,4.0,451.0,Brd2_Brd2<em1(IMPC)Wtsi>_heterozygote_WTSI_female,19.116,19.34,19.148,19.541,20.351,Candidate
Enpp1,Enpp1<em1(IMPC)Ccpcz>,homozygote,CCP-IMG,18.464720194647203,0.728,0.492,0.946,10.0,2953.0,Enpp1_Enpp1<em1(IMPC)Ccpcz>_homozygote_CCP-IMG,26.949,13.883,10.809,15.231,11.662,4.194805194805195,0.64,0.352,0.918,5.0,1480.0,Enpp1_Enpp1<em1(IMPC)Ccpcz>_homozygote_CCP-IMG_male,26.283,16.069,11.21,14.022,14.74,0.3698630136986301,0.392,0.102,0.736,5.0,1473.0,Enpp1_Enpp1<em1(IMPC)Ccpcz>_homozygote_CCP-IMG_female,28.172,17.648,17.763,23.003,17.778,Novel
Gipc3,Gipc3<tm1b(KOMP)Wtsi>,homozygote,JAX,52.69127516778523,0.769,0.562,0.961,9.0,2541.0,Gipc3_Gipc3<tm1b(KOMP)Wtsi>_homozygote_JAX,47.283,46.704,55.245,46.391,34.477,5.861063464837049,0.667,0.401,0.94,5.0,1264.0,Gipc3_Gipc3<tm1b(KOMP)Wtsi>_homozygote_JAX_male,43.794,42.319,50.018,41.478,31.931,3.37636761487965,0.625,0.334,0.91,4.0,1277.0,Gipc3_Gipc3<tm1b(KOMP)Wtsi>_homozygote_JAX_female,43.829,41.422,47.843,39.992,30.839,Known
Triobp,Triobp<em1(IMPC)J>,homozygote,JAX,17.867924528301888,0.728,0.495,0.95,7.0,2541.0,Triobp_Triobp<em1(IMPC)J>_homozygote_JAX,46.17,45.166,53.248,44.486,33.431,1.9618659755646053,0.573,0.252,0.872,3.0,1264.0,Triobp_Triobp<em1(IMPC)J>_homozygote_JAX_male,40.524,38.169,44.544,36.877,29.4,3.610951008645533,0.626,0.343,0.923,4.0,1277.0,Triobp_Triobp<em1(IMPC)J>_homozygote_JAX_female,43.745,41.448,47.825,39.984,30.814,Known
Fbxl8,Fbxl8<em2(IMPC)Marc>,homozygote,MARC,3.484304932735426,0.625,0.333,0.917,4.0,147.0,Fbxl8_Fbxl8<em2(IMPC)Marc>_homozygote_MARC,10.639,10.163,8.958,35.16,26.783,,,,,,,,,,,,,,,,,,,,,,,,,Novel
Dctd,Dctd<em1(IMPC)Marc>,homozygote,MARC,3.422332780541736,0.625,0.321,0.901,4.0,147.0,Dctd_Dctd<em1(IMPC)Marc>_homozygote_MARC,12.825,15.84,19.128,35.166,26.781,,,,,,,,,,,,,,,,,,,,,,,,,Novel
Tmtc4,Tmtc4<tm1.1(KOMP)Vlcg>,homozygote,UC Davis,3.326663061114116,0.624,0.317,0.903,4.0,569.0,Tmtc4_Tmtc4<tm1.1(KOMP)Vlcg>_homozygote_UC Davis,40.078,50.86,56.098,46.12,32.441,,,,,,,,,,,,,,,,,,,,,,,,,Known
Bod1,Bod1<tm1b(KOMP)Wtsi>,heterozygote,MARC,3.4077134986225897,0.625,0.336,0.905,4.0,147.0,Bod1_Bod1<tm1b(KOMP)Wtsi>_heterozygote_MARC,7.663,10.641,5.65,30.461,26.779,,,,,,,,,,,,,,,,,,,,,,,,,Candidate
Ube2w,Ube2w<tm1b(EUCOMM)Wtsi>,homozygote,MARC,3.4198895027624308,0.625,0.325,0.91,4.0,147.0,Ube2w_Ube2w<tm1b(EUCOMM)Wtsi>_homozygote_MARC,26.447,18.293,25.509,35.158,26.862,,,,,,,,,,,,,,,,,,,,,,,,,Novel
Rap1gap2,Rap1gap2<tm1b(EUCOMM)Hmgu>,homozygote,ICS,9.95890410958904,0.7,0.445,0.938,6.0,1512.0,Rap1gap2_Rap1gap2<tm1b(EUCOMM)Hmgu>_homozygote_ICS,15.367,15.199,21.842,38.072,26.74,1.861230329041488,0.572,0.241,0.88,3.0,767.0,Rap1gap2_Rap1gap2<tm1b(EUCOMM)Hmgu>_homozygote_ICS_male,20.53,19.751,21.724,31.272,25.171,1.8808066258552392,0.57,0.257,0.882,3.0,745.0,Rap1gap2_Rap1gap2<tm1b(EUCOMM)Hmgu>_homozygote_ICS_female,12.256,12.264,21.101,34.237,23.257,Novel
Dnajc14,Dnajc14<tm1.1(KOMP)Vlcg>,homozygote,JAX,3.4617958728388176,0.619,0.337,0.886,7.0,2541.0,Dnajc14_Dnajc14<tm1.1(KOMP)Vlcg>_homozygote_JAX,4.319,6.009,24.627,15.811,14.365,0.8774935461159352,0.485,0.164,0.792,4.0,1264.0,Dnajc14_Dnajc14<tm1.1(KOMP)Vlcg>_homozygote_JAX_male,6.903,11.66,24.366,18.456,17.766,0.3570822731128075,0.354,0.001,0.717,3.0,1277.0,Dnajc14_Dnajc14<tm1.1(KOMP)Vlcg>_homozygote_JAX_female,12.318,11.879,23.097,17.107,16.522,Novel
Lsm14a,Lsm14a<tm1b(KOMP)Wtsi>,heterozygote,MARC,3.568817818389492,0.607,0.363,0.857,10.0,147.0,Lsm14a_Lsm14a<tm1b(KOMP)Wtsi>_heterozygote_MARC,4.534,5.908,5.086,17.866,26.642,0.0566635847312112,0.233,0.002,0.491,5.0,83.0,Lsm14a_Lsm14a<tm1b(KOMP)Wtsi>_heterozygote_MARC_male,13.248,16.319,16.726,20.638,22.335,3.5223289994347087,0.629,0.32,0.923,5.0,64.0,Lsm14a_Lsm14a<tm1b(KOMP)Wtsi>_heterozygote_MARC_female,8.234,8.238,4.577,19.418,25.794,Novel
Tmem145,Tmem145<em1(IMPC)Mbp>,homozygote,UC Davis,3.350190320826536,0.623,0.327,0.906,4.0,569.0,Tmem145_Tmem145<em1(IMPC)Mbp>_homozygote_UC Davis,31.783,33.618,56.089,47.014,32.498,,,,,,,,,,,,,,,,,,,,,,,,,Novel
Herc4,Herc4<tm1b(KOMP)Wtsi>,homozygote,MARC,3.350190320826536,0.623,0.327,0.904,4.0,147.0,Herc4_Herc4<tm1b(KOMP)Wtsi>_homozygote_MARC,26.364,20.326,19.927,25.266,26.746,,,,,,,,,,,,,,,,,,,,,,,,,Novel
Fosb,Fosb<tm1b(KOMP)Wtsi>,homozygote,UC Davis,3.0878896269800715,0.617,0.309,0.903,4.0,569.0,Fosb_Fosb<tm1b(KOMP)Wtsi>_homozygote_UC Davis,18.145,17.869,14.98,14.374,21.088,,,,,,,,,,,,,,,,,,,,,,,,,Novel
Kdm5a,Kdm5a<em1(IMPC)Marc>,heterozygote,MARC,3.4272274488101826,0.624,0.327,0.908,4.0,147.0,Kdm5a_Kdm5a<em1(IMPC)Marc>_heterozygote_MARC,12.792,15.898,9.781,14.83,26.747,,,,,,,,,,,,,,,,,,,,,,,,,Novel
Ccdc92,Ccdc92<tm1b(KOMP)Mbp>,homozygote,UC Davis,3.352557127312296,0.622,0.309,0.902,4.0,569.0,Ccdc92_Ccdc92<tm1b(KOMP)Mbp>_homozygote_UC Davis,22.637,19.905,15.718,20.034,21.715,,,,,,,,,,,,,,,,,,,,,,,,,Novel
Mreg,Mreg<tm1b(EUCOMM)Hmgu>,homozygote,KMPC,3.489337822671156,0.626,0.337,0.918,4.0,340.0,Mreg_Mreg<tm1b(EUCOMM)Hmgu>_homozygote_KMPC,11.15,4.76,12.923,40.692,25.49,,,,,,,,,,,,,,,,,,,,,,,,,Novel
Klhdc7b,Klhdc7b<em1(IMPC)H>,homozygote,MRC Harwell,3.3739748496446147,0.625,0.332,0.911,4.0,323.0,Klhdc7b_Klhdc7b<em1(IMPC)H>_homozygote_MRC Harwell,27.434,26.87,29.005,25.777,22.643,,,,,,,,,,,,,,,,,,,,,,,,,Candidate
Nin,Nin<tm1b(EUCOMM)Hmgu>,homozygote,RBRC,3.324324324324324,0.625,0.329,0.914,4.0,293.0,Nin_Nin<tm1b(EUCOMM)Hmgu>_homozygote_RBRC,21.537,32.982,45.748,36.483,28.212,3.25758382118148,0.623,0.322,0.91,4.0,236.0,Nin_Nin<tm1b(EUCOMM)Hmgu>_homozygote_RBRC_male,21.44,32.188,44.197,35.179,27.99,,,,,,,,,,,,,Candidate
Vti1a,Vti1a<tm1.1(KOMP)Vlcg>,homozygote,UC Davis,3.496908375491849,0.627,0.34,0.916,4.0,569.0,Vti1a_Vti1a<tm1.1(KOMP)Vlcg>_homozygote_UC Davis,21.994,19.859,19.862,15.058,21.156,,,,,,,,,,,,,,,,,,,,,,,,,Novel
Scamp2,Scamp2<em1(IMPC)J>,homozygote,JAX,16.02127659574468,0.726,0.485,0.944,7.0,2541.0,Scamp2_Scamp2<em1(IMPC)J>_homozygote_JAX,42.639,45.19,53.237,44.503,33.402,1.9197080291970805,0.571,0.259,0.882,3.0,1264.0,Scamp2_Scamp2<em1(IMPC)J>_homozygote_JAX_male,33.877,38.153,44.562,36.867,29.352,3.329004329004329,0.625,0.328,0.906,4.0,1277.0,Scamp2_Scamp2<em1(IMPC)J>_homozygote_JAX_female,43.794,41.439,47.814,39.977,30.82,Novel
Relch,Relch<em1(IMPC)J>,homozygote,JAX,32.333333333333336,0.75,0.529,0.954,8.0,2541.0,Relch_Relch<em1(IMPC)J>_homozygote_JAX,13.159,30.681,33.658,23.429,24.243,3.5897877223178427,0.628,0.341,0.918,4.0,1264.0,Relch_Relch<em1(IMPC)J>_homozygote_JAX_male,11.91,26.908,26.856,20.724,23.984,3.287245444801715,0.623,0.319,0.909,4.0,1277.0,Relch_Relch<em1(IMPC)J>_homozygote_JAX_female,16.268,30.444,35.313,24.578,22.628,Novel
Tomt,Tomt<em1(IMPC)Tcp>,homozygote,TCP,3.4742729306487696,0.625,0.333,0.911,4.0,588.0,Tomt_Tomt<em1(IMPC)Tcp>_homozygote_TCP,44.943,59.975,54.543,44.421,32.152,,,,,,,,,,,,,,,,,,,,,,,,,Known
Cacna2d1,Cacna2d1<em1(IMPC)Mbp>,homozygote,UC Davis,3.221635883905013,0.621,0.331,0.925,4.0,569.0,Cacna2d1_Cacna2d1<em1(IMPC)Mbp>_homozygote_UC Davis,12.785,8.866,6.58,16.013,30.292,,,,,,,,,,,,,,,,,,,,,,,,,Novel
Gata2,Gata2<tm1b(KOMP)Wtsi>,heterozygote,UC Davis,3.4198895027624308,0.625,0.322,0.911,4.0,569.0,Gata2_Gata2<tm1b(KOMP)Wtsi>_heterozygote_UC Davis,24.64,26.776,19.854,14.243,13.011,,,,,,,,,,,,,,,,,,,,,,,,,Known
Adgrv1,Adgrv1<tm1.1(KOMP)Vlcg>,homozygote,UC Davis,3.5095828635851185,0.626,0.34,0.919,4.0,569.0,Adgrv1_Adgrv1<tm1.1(KOMP)Vlcg>_homozygote_UC Davis,38.826,45.601,54.461,47.823,32.487,,,,,,,,,,,,,,,,,,,,,,,,,Known
Tmem51,Tmem51<tm1b(EUCOMM)Hmgu>,homozygote,MRC Harwell,3.412575841147269,0.626,0.335,0.914,4.0,323.0,Tmem51_Tmem51<tm1b(EUCOMM)Hmgu>_homozygote_MRC Harwell,24.505,26.455,29.08,28.728,22.966,,,,,,,,,,,,,,,,,,,,,,,,,Novel
Ildr1,Ildr1<tm1(KOMP)Wtsi>,homozygote,WTSI,16.130620985010708,0.727,0.494,0.954,7.0,904.0,Ildr1_Ildr1<tm1(KOMP)Wtsi>_homozygote_WTSI,56.046,68.356,65.86,57.021,44.3,5.666666666666667,0.668,0.394,0.933,5.0,453.0,Ildr1_Ildr1<tm1(KOMP)Wtsi>_homozygote_WTSI_male,53.596,65.495,64.637,54.658,42.023,,,,,,,,,,,,,Novel
Zfp469,Zfp469<em1(IMPC)Mbp>,homozygote,UC Davis,3.36442989634479,0.624,0.313,0.904,4.0,569.0,Zfp469_Zfp469<em1(IMPC)Mbp>_homozygote_UC Davis,10.272,15.016,17.304,42.024,32.514,,,,,,,,,,,,,,,,,,,,,,,,,Novel
Prdm5,Prdm5<em1(IMPC)Tcp>,homozygote,TCP,4.961251862891207,0.637,0.379,0.884,7.0,588.0,Prdm5_Prdm5<em1(IMPC)Tcp>_homozygote_TCP,7.284,9.197,12.76,13.759,10.873,0.4585232452142206,0.403,0.053,0.742,3.0,293.0,Prdm5_Prdm5<em1(IMPC)Tcp>_homozygote_TCP_male,10.533,10.823,13.462,16.22,15.372,3.175365344467641,0.617,0.311,0.906,4.0,295.0,Prdm5_Prdm5<em1(IMPC)Tcp>_homozygote_TCP_female,8.789,9.893,13.666,13.933,10.89,Candidate
Slc4a10,Slc4a10<tm1b(KOMP)Wtsi>,homozygote,MRC Harwell,3.46927374301676,0.626,0.333,0.909,4.0,858.0,Slc4a10_Slc4a10<tm1b(KOMP)Wtsi>_homozygote_MRC Harwell,26.704,19.169,26.286,27.727,21.915,,,,,,,,,,,,,,,,,,,,,,,,,Known
Tmem30b,Tmem30b<tm1b(EUCOMM)Wtsi>,homozygote,UC Davis,3.4868199663488504,0.627,0.33,0.913,4.0,569.0,Tmem30b_Tmem30b<tm1b(EUCOMM)Wtsi>_homozygote_UC Davis,15.484,37.667,48.801,49.421,32.487,,,,,,,,,,,,,,,,,,,,,,,,,Candidate
Pjvk,Pjvk<em1(IMPC)J>,homozygote,JAX,5.2015503875969,0.637,0.384,0.891,7.0,2541.0,Pjvk_Pjvk<em1(IMPC)J>_homozygote_JAX,42.065,44.064,42.328,35.723,28.982,0.524390243902439,0.429,0.122,0.752,3.0,1264.0,Pjvk_Pjvk<em1(IMPC)J>_homozygote_JAX_male,30.481,34.699,34.448,29.674,20.907,3.3835616438356166,0.624,0.329,0.921,4.0,1277.0,Pjvk_Pjvk<em1(IMPC)J>_homozygote_JAX_female,43.774,41.427,39.205,32.982,30.808,Novel
Ccdc88c,Ccdc88c<tm1.1(KOMP)Mbp>,homozygote,UC Davis,3.5610034207525656,0.627,0.336,0.913,4.0,569.0,Ccdc88c_Ccdc88c<tm1.1(KOMP)Mbp>_homozygote_UC Davis,18.043,16.433,25.662,35.311,32.5,,,,,,,,,,,,,,,,,,,,,,,,,Known
Oxsm,Oxsm<em2(IMPC)Marc>,heterozygote,MARC,3.381161007667032,0.627,0.32,0.904,4.0,147.0,Oxsm_Oxsm<em2(IMPC)Marc>_heterozygote_MARC,15.087,20.788,14.14,35.222,26.842,,,,,,,,,,,,,,,,,,,,,,,,,Novel
Clrn1,Clrn1<tm1.1(KOMP)Vlcg>,homozygote,UC Davis,3.501969611705121,0.625,0.33,0.908,4.0,569.0,Clrn1_Clrn1<tm1.1(KOMP)Vlcg>_homozygote_UC Davis,40.07,50.89,56.101,49.512,32.504,,,,,,,,,,,,,,,,,,,,,,,,,Known
Cyb5r2,Cyb5r2<tm1b(EUCOMM)Hmgu>,homozygote,MRC Harwell,6.2727272727272725,0.672,0.398,0.936,6.0,858.0,Cyb5r2_Cyb5r2<tm1b(EUCOMM)Hmgu>_homozygote_MRC Harwell,11.437,17.471,16.934,18.071,21.653,,,,,,,,,,,,,1.823861630780092,0.57,0.236,0.891,4.0,426.0,Cyb5r2_Cyb5r2<tm1b(EUCOMM)Hmgu>_homozygote_MRC Harwell_female,13.535,18.306,18.629,17.248,19.695,Novel
Ptchd1,Ptchd1<tm1b(KOMP)IcsOrl>,hemizygote,ICS,4.563282336578581,0.635,0.376,0.884,7.0,1512.0,Ptchd1_Ptchd1<tm1b(KOMP)IcsOrl>_hemizygote_ICS,8.341,6.446,13.516,37.601,26.513,4.9171597633136095,0.638,0.369,0.891,7.0,767.0,Ptchd1_Ptchd1<tm1b(KOMP)IcsOrl>_hemizygote_ICS_male,8.755,6.921,13.986,38.77,28.105,,,,,,,,,,,,,Novel
Pank2,Pank2<em1(IMPC)Ccpcz>,homozygote,CCP-IMG,5.866952789699571,0.644,0.404,0.885,10.0,2953.0,Pank2_Pank2<em1(IMPC)Ccpcz>_homozygote_CCP-IMG,8.849,8.699,10.241,27.892,21.567,1.4286581663630844,0.536,0.232,0.83,5.0,1480.0,Pank2_Pank2<em1(IMPC)Ccpcz>_homozygote_CCP-IMG_male,11.597,10.929,12.581,26.329,21.612,1.2002200220022,0.522,0.198,0.853,5.0,1473.0,Pank2_Pank2<em1(IMPC)Ccpcz>_homozygote_CCP-IMG_female,10.124,10.613,11.324,26.239,21.011,Novel
Mkrn2,Mkrn2<tm1b(KOMP)Wtsi>,homozygote,WTSI,3.2038885969521806,0.596,0.354,0.835,10.0,904.0,Mkrn2_Mkrn2<tm1b(KOMP)Wtsi>_homozygote_WTSI,7.264,4.765,3.217,12.414,37.443,0.5293442936341044,0.438,0.144,0.723,5.0,453.0,Mkrn2_Mkrn2<tm1b(KOMP)Wtsi>_homozygote_WTSI_male,11.646,7.324,6.242,18.774,34.738,2.7209302325581395,0.604,0.301,0.897,5.0,451.0,Mkrn2_Mkrn2<tm1b(KOMP)Wtsi>_homozygote_WTSI_female,6.837,5.958,4.203,9.542,31.29,Candidate
Nptn,Nptn<tm1b(EUCOMM)Hmgu>,homozygote,MRC Harwell,3.3549265106151336,0.623,0.329,0.922,4.0,858.0,Nptn_Nptn<tm1b(EUCOMM)Hmgu>_homozygote_MRC Harwell,32.875,35.775,38.179,34.001,28.887,,,,,,,,,,,,,,,,,,,,,,,,,Known
Ocm,Ocm<tm1e(EUCOMM)Wtsi>,homozygote,WTSI,29.18867924528302,0.751,0.532,0.958,8.0,904.0,Ocm_Ocm<tm1e(EUCOMM)Wtsi>_homozygote_WTSI,22.859,47.264,65.735,59.099,45.417,5.878761822871883,0.667,0.394,0.926,5.0,453.0,Ocm_Ocm<tm1e(EUCOMM)Wtsi>_homozygote_WTSI_male,22.567,44.045,64.622,56.213,42.084,1.896451846488052,0.571,0.261,0.88,3.0,451.0,Ocm_Ocm<tm1e(EUCOMM)Wtsi>_homozygote_WTSI_female,22.427,44.295,55.595,49.208,36.332,Novel
Mettl5,Mettl5<em1(IMPC)Hmgu>,heterozygote,HMGU,3999.0,0.857,0.724,0.98,19.0,1804.0,Mettl5_Mettl5<em1(IMPC)Hmgu>_heterozygote_HMGU,14.284,14.791,12.523,16.47,17.747,88.88764044943821,0.786,0.588,0.961,10.0,920.0,Mettl5_Mettl5<em1(IMPC)Hmgu>_heterozygote_HMGU_male,15.505,15.908,14.111,17.903,16.762,5.106870229007634,0.651,0.376,0.91,9.0,884.0,Mettl5_Mettl5<em1(IMPC)Hmgu>_heterozygote_HMGU_female,15.98,15.377,13.123,16.47,20.422,Novel
Mettl5,Mettl5<em1(IMPC)Hmgu>,homozygote,HMGU,23.169184290030213,0.734,0.516,0.952,9.0,1804.0,Mettl5_Mettl5<em1(IMPC)Hmgu>_homozygote_HMGU,20.58,20.709,19.06,19.687,19.053,7.105369807497467,0.685,0.422,0.945,6.0,920.0,Mettl5_Mettl5<em1(IMPC)Hmgu>_homozygote_HMGU_male,19.927,18.189,17.575,18.398,18.124,1.9895366218236168,0.573,0.252,0.88,3.0,884.0,Mettl5_Mettl5<em1(IMPC)Hmgu>_homozygote_HMGU_female,20.759,23.918,21.262,21.701,21.09,Novel
Camsap3,Camsap3<tm1a(EUCOMM)Wtsi>,homozygote,WTSI,16.54385964912281,0.727,0.488,0.956,7.0,904.0,Camsap3_Camsap3<tm1a(EUCOMM)Wtsi>_homozygote_WTSI,33.896,25.233,18.899,17.268,15.434,,,,,,,,,,,,,9.914051841746248,0.699,0.452,0.938,6.0,451.0,Camsap3_Camsap3<tm1a(EUCOMM)Wtsi>_homozygote_WTSI_female,33.254,24.747,18.315,16.071,14.523,Known
Ush1c,Ush1c<tm1a(KOMP)Wtsi>,homozygote,WTSI,10.730205278592376,0.701,0.457,0.942,6.0,904.0,Ush1c_Ush1c<tm1a(KOMP)Wtsi>_homozygote_WTSI,56.419,68.496,65.405,56.98,43.057,3.424778761061947,0.625,0.334,0.913,4.0,453.0,Ush1c_Ush1c<tm1a(KOMP)Wtsi>_homozygote_WTSI_male,53.688,64.999,63.511,54.066,39.953,,,,,,,,,,,,,Novel
Cabp2,Cabp2<em1(IMPC)J>,homozygote,JAX,48.68944099378882,0.768,0.558,0.955,9.0,2541.0,Cabp2_Cabp2<em1(IMPC)J>_homozygote_JAX,40.576,46.663,52.17,36.989,28.33,5.90846286701209,0.666,0.387,0.924,5.0,1264.0,Cabp2_Cabp2<em1(IMPC)J>_homozygote_JAX_male,39.135,42.324,45.267,31.433,28.272,3.36442989634479,0.626,0.332,0.909,4.0,1277.0,Cabp2_Cabp2<em1(IMPC)J>_homozygote_JAX_female,36.412,41.444,47.809,35.753,24.632,Known
Tmprss2,Tmprss2<tm2b(EUCOMM)Hmgu>,homozygote,ICS,10.0803324099723,0.699,0.446,0.934,6.0,1512.0,Tmprss2_Tmprss2<tm2b(EUCOMM)Hmgu>_homozygote_ICS,12.17,7.702,8.188,29.936,26.205,1.7777777777777777,0.567,0.234,0.883,3.0,767.0,Tmprss2_Tmprss2<tm2b(EUCOMM)Hmgu>_homozygote_ICS_male,13.007,10.24,9.065,28.376,24.361,1.904865649963689,0.571,0.237,0.881,3.0,745.0,Tmprss2_Tmprss2<tm2b(EUCOMM)Hmgu>_homozygote_ICS_female,15.594,10.216,12.652,25.652,23.237,Novel
Ube2g1,Ube2g1<tm1b(EUCOMM)Hmgu>,homozygote,RBRC,3.371584699453552,0.625,0.333,0.915,4.0,293.0,Ube2g1_Ube2g1<tm1b(EUCOMM)Hmgu>_homozygote_RBRC,32.804,28.546,23.997,22.636,19.776,3.3883708173340645,0.626,0.341,0.922,4.0,236.0,Ube2g1_Ube2g1<tm1b(EUCOMM)Hmgu>_homozygote_RBRC_male,32.36,27.917,23.707,22.385,20.052,,,,,,,,,,,,,Candidate
Atp8b1,Atp8b1<em1(IMPC)Tcp>,homozygote,TCP,10.782032400589102,0.7,0.446,0.929,6.0,588.0,Atp8b1_Atp8b1<em1(IMPC)Tcp>_homozygote_TCP,36.898,46.774,40.488,34.969,25.673,1.9498525073746311,0.572,0.253,0.883,3.0,293.0,Atp8b1_Atp8b1<em1(IMPC)Tcp>_homozygote_TCP_male,37.833,49.258,40.624,33.0,28.307,1.9411764705882355,0.572,0.242,0.887,3.0,295.0,Atp8b1_Atp8b1<em1(IMPC)Tcp>_homozygote_TCP_female,31.307,40.191,36.517,32.334,20.617,Known
Bap1,Bap1<em2(IMPC)Marc>,heterozygote,MARC,3.2803638309256287,0.623,0.329,0.908,4.0,147.0,Bap1_Bap1<em2(IMPC)Marc>_heterozygote_MARC,8.793,11.669,14.006,29.082,26.814,,,,,,,,,,,,,,,,,,,,,,,,,Novel
Fbxo24,Fbxo24<em2(IMPC)Marc>,homozygote,MARC,3.5792787635947336,0.626,0.324,0.907,4.0,147.0,Fbxo24_Fbxo24<em2(IMPC)Marc>_homozygote_MARC,9.057,13.449,14.153,35.15,26.768,,,,,,,,,,,,,,,,,,,,,,,,,Novel
Mpdz,Mpdz<em1(IMPC)J>,homozygote,JAX,9.19108280254777,0.681,0.443,0.922,8.0,2541.0,Mpdz_Mpdz<em1(IMPC)J>_homozygote_JAX,26.413,33.638,42.95,29.042,25.49,3.3739748496446147,0.626,0.328,0.908,4.0,1264.0,Mpdz_Mpdz<em1(IMPC)J>_homozygote_JAX_male,17.28,27.654,36.132,24.061,23.297,0.9728729963008632,0.498,0.203,0.804,4.0,1277.0,Mpdz_Mpdz<em1(IMPC)J>_homozygote_JAX_female,36.23,35.343,40.838,30.898,25.438,Known
Mgrn1,Mgrn1<em1(IMPC)Tcp>,homozygote,TCP,14.717092337917483,0.724,0.483,0.949,7.0,588.0,Mgrn1_Mgrn1<em1(IMPC)Tcp>_homozygote_TCP,17.801,18.056,24.187,22.078,16.167,9.624169986719789,0.7,0.445,0.942,6.0,293.0,Mgrn1_Mgrn1<em1(IMPC)Tcp>_homozygote_TCP_male,16.969,16.999,24.129,22.813,17.819,,,,,,,,,,,,,Novel
Baiap2l2,Baiap2l2<tm1b(EUCOMM)Hmgu>,homozygote,ICS,726.2727272727273,0.816,0.656,0.964,16.0,1512.0,Baiap2l2_Baiap2l2<tm1b(EUCOMM)Hmgu>_homozygote_ICS,24.257,36.996,35.092,33.542,23.74,28.197080291970803,0.751,0.526,0.955,8.0,767.0,Baiap2l2_Baiap2l2<tm1b(EUCOMM)Hmgu>_homozygote_ICS_male,26.479,40.996,38.098,37.684,27.427,27.268551236749115,0.749,0.526,0.955,8.0,745.0,Baiap2l2_Baiap2l2<tm1b(EUCOMM)Hmgu>_homozygote_ICS_female,19.722,27.967,27.321,23.615,17.88,Known
Baiap2l2,Baiap2l2<tm1a(EUCOMM)Hmgu>,homozygote,ICS,10.799410029498524,0.702,0.454,0.934,6.0,1512.0,Baiap2l2_Baiap2l2<tm1a(EUCOMM)Hmgu>_homozygote_ICS,30.117,61.631,59.154,42.841,29.878,1.9563932002956392,0.573,0.247,0.883,3.0,767.0,Baiap2l2_Baiap2l2<tm1a(EUCOMM)Hmgu>_homozygote_ICS_male,26.019,50.61,50.123,37.142,27.261,1.9197080291970805,0.573,0.243,0.896,3.0,745.0,Baiap2l2_Baiap2l2<tm1a(EUCOMM)Hmgu>_homozygote_ICS_female,29.07,55.315,50.058,35.106,25.066,Known
Ahsg,Ahsg<tm1.1(KOMP)Vlcg>,homozygote,UC Davis,3.4198895027624308,0.625,0.325,0.918,4.0,569.0,Ahsg_Ahsg<tm1.1(KOMP)Vlcg>_homozygote_UC Davis,12.863,17.123,16.523,18.359,30.316,,,,,,,,,,,,,,,,,,,,,,,,,Candidate
Klhdc8b,Klhdc8b<em1(IMPC)J>,homozygote,JAX,3.507042253521127,0.622,0.333,0.902,8.0,2541.0,Klhdc8b_Klhdc8b<em1(IMPC)J>_homozygote_JAX,8.425,17.046,14.698,13.086,18.293,0.1809861234130499,0.31,0.015,0.614,4.0,1264.0,Klhdc8b_Klhdc8b<em1(IMPC)J>_homozygote_JAX_male,14.231,16.609,20.9,16.679,23.664,1.902757619738752,0.57,0.238,0.89,4.0,1277.0,Klhdc8b_Klhdc8b<em1(IMPC)J>_homozygote_JAX_female,7.84,19.4,16.241,16.269,16.811,Novel
Usp43,Usp43<em1(IMPC)Marc>,homozygote,MARC,3.310344827586207,0.624,0.326,0.923,4.0,147.0,Usp43_Usp43<em1(IMPC)Marc>_homozygote_MARC,9.058,12.027,12.284,29.104,24.24,,,,,,,,,,,,,,,,,,,,,,,,,Novel
Fndc7,Fndc7<tm1.1(KOMP)Vlcg>,homozygote,UC Davis,3.241781548250265,0.622,0.312,0.911,4.0,569.0,Fndc7_Fndc7<tm1.1(KOMP)Vlcg>_homozygote_UC Davis,15.453,24.051,15.677,14.272,13.575,,,,,,,,,,,,,,,,,,,,,,,,,Novel
Pcp4l1,Pcp4l1<tm1b(KOMP)Wtsi>,homozygote,HMGU,15.326530612244898,0.722,0.489,0.954,7.0,1804.0,Pcp4l1_Pcp4l1<tm1b(KOMP)Wtsi>_homozygote_HMGU,23.66,17.779,17.349,18.591,18.669,1.8298549699327908,0.569,0.246,0.888,3.0,920.0,Pcp4l1_Pcp4l1<tm1b(KOMP)Wtsi>_homozygote_HMGU_male,21.525,17.82,17.927,16.721,18.213,3.333694474539545,0.625,0.328,0.908,4.0,884.0,Pcp4l1_Pcp4l1<tm1b(KOMP)Wtsi>_homozygote_HMGU_female,24.009,18.29,17.57,20.441,19.507,Novel
Myh1,Myh1<tm1b(KOMP)Wtsi>,homozygote,JAX,9.403120936280883,0.7,0.439,0.94,6.0,2541.0,Myh1_Myh1<tm1b(KOMP)Wtsi>_homozygote_JAX,24.815,19.277,18.007,22.333,16.094,1.929329915781765,0.572,0.243,0.887,3.0,1264.0,Myh1_Myh1<tm1b(KOMP)Wtsi>_homozygote_JAX_male,24.121,17.579,18.998,20.601,17.548,1.952029520295203,0.573,0.259,0.889,3.0,1277.0,Myh1_Myh1<tm1b(KOMP)Wtsi>_homozygote_JAX_female,23.915,21.373,17.925,22.831,16.671,Candidate
Tmco6,Tmco6<tm1.1(KOMP)Vlcg>,homozygote,JAX,11.519561815336465,0.708,0.455,0.946,7.0,2541.0,Tmco6_Tmco6<tm1.1(KOMP)Vlcg>_homozygote_JAX,24.207,32.879,32.71,27.976,20.927,3.441976679622432,0.624,0.322,0.909,4.0,1264.0,Tmco6_Tmco6<tm1.1(KOMP)Vlcg>_homozygote_JAX_male,26.271,32.148,29.178,27.468,20.616,1.849002849002849,0.57,0.244,0.886,3.0,1277.0,Tmco6_Tmco6<tm1.1(KOMP)Vlcg>_homozygote_JAX_female,19.419,27.053,30.909,23.705,20.678,Novel
Adgrb1,Adgrb1<tm2a(EUCOMM)Wtsi>,homozygote,WTSI,31.6530612244898,0.75,0.539,0.964,8.0,904.0,Adgrb1_Adgrb1<tm2a(EUCOMM)Wtsi>_homozygote_WTSI,32.638,35.278,34.34,42.322,40.608,9.869565217391305,0.698,0.441,0.933,6.0,453.0,Adgrb1_Adgrb1<tm2a(EUCOMM)Wtsi>_homozygote_WTSI_male,26.159,34.014,36.559,45.499,38.891,,,,,,,,,,,,,Novel
Akr1c12,Akr1c12<tm1b(KOMP)Wtsi>,homozygote,MARC,3.39802089059923,0.626,0.332,0.909,4.0,147.0,Akr1c12_Akr1c12<tm1b(KOMP)Wtsi>_homozygote_MARC,9.068,14.857,8.294,35.203,26.814,,,,,,,,,,,,,,,,,,,,,,,,,Novel
Scand1,Scand1<em1(IMPC)H>,homozygote,MRC Harwell,3.371584699453552,0.622,0.323,0.911,4.0,70.0,Scand1_Scand1<em1(IMPC)H>_homozygote_MRC Harwell,19.163,20.748,19.302,19.703,17.389,,,,,,,,,,,,,,,,,,,,,,,,,Novel
Rtn4rl2,Rtn4rl2<em1(IMPC)Mbp>,homozygote,UC Davis,3.4370493621741542,0.626,0.33,0.911,4.0,569.0,Rtn4rl2_Rtn4rl2<em1(IMPC)Mbp>_homozygote_UC Davis,20.678,21.25,23.201,29.04,32.452,,,,,,,,,,,,,,,,,,,,,,,,,Novel
Marveld2,Marveld2<tm1b(EUCOMM)Wtsi>,homozygote,MRC Harwell,3.4742729306487696,0.625,0.332,0.914,4.0,858.0,Marveld2_Marveld2<tm1b(EUCOMM)Wtsi>_homozygote_MRC Harwell,34.606,40.55,39.439,38.922,28.493,,,,,,,,,,,,,,,,,,,,,,,,,Known
Agap1,Agap1<tm1a(EUCOMM)Wtsi>,homozygote,WTSI,11.965964343598054,0.692,0.458,0.907,9.0,904.0,Agap1_Agap1<tm1a(EUCOMM)Wtsi>_homozygote_WTSI,14.615,6.296,10.128,17.287,39.743,7.7527352297593,0.666,0.424,0.903,8.0,453.0,Agap1_Agap1<tm1a(EUCOMM)Wtsi>_homozygote_WTSI_male,15.323,6.88,10.634,16.634,39.76,,,,,,,,,,,,,Candidate
Tram2,Tram2<tm1a(KOMP)Wtsi>,homozygote,WTSI,7.724100327153762,0.666,0.42,0.901,8.0,904.0,Tram2_Tram2<tm1a(KOMP)Wtsi>_homozygote_WTSI,47.962,41.836,34.935,33.324,31.065,1.9411764705882355,0.572,0.255,0.884,3.0,453.0,Tram2_Tram2<tm1a(KOMP)Wtsi>_homozygote_WTSI_male,34.191,30.468,26.432,30.656,25.202,6.352941176470588,0.669,0.397,0.924,5.0,451.0,Tram2_Tram2<tm1a(KOMP)Wtsi>_homozygote_WTSI_female,46.081,41.389,35.129,30.117,29.105,Novel
Rabggta,Rabggta<tm1.1(KOMP)Vlcg>,heterozygote,MARC,3.1666666666666665,0.618,0.318,0.907,4.0,147.0,Rabggta_Rabggta<tm1.1(KOMP)Vlcg>_heterozygote_MARC,11.413,11.599,13.205,24.602,26.711,,,,,,,,,,,,,,,,,,,,,,,,,Novel
Pappa,Pappa<em1(IMPC)H>,homozygote,MRC Harwell,3.3383947939262475,0.627,0.33,0.913,4.0,70.0,Pappa_Pappa<em1(IMPC)H>_homozygote_MRC Harwell,22.038,21.669,19.366,21.685,22.051,,,,,,,,,,,,,,,,,,,,,,,,,Novel
Defb43,Defb43<tm1b(KOMP)Wtsi>,homozygote,MARC,3.46927374301676,0.625,0.322,0.901,4.0,147.0,Defb43_Defb43<tm1b(KOMP)Wtsi>_homozygote_MARC,17.379,15.386,14.016,31.366,26.847,,,,,,,,,,,,,,,,,,,,,,,,,Novel
Sun1,Sun1<tm1b(EUCOMM)Wtsi>,homozygote,ICS,1.5781501772478246,0.539,0.296,0.777,9.0,1512.0,Sun1_Sun1<tm1b(EUCOMM)Wtsi>_homozygote_ICS,37.839,57.003,53.269,41.464,26.674,10.577424023154848,0.7,0.444,0.937,6.0,767.0,Sun1_Sun1<tm1b(EUCOMM)Wtsi>_homozygote_ICS_male,37.449,56.136,53.264,42.636,28.499,0.0161310809094373,0.144,0.0,0.372,3.0,745.0,Sun1_Sun1<tm1b(EUCOMM)Wtsi>_homozygote_ICS_female,19.987,19.942,20.008,19.966,20.031,Known
Pcyox1l,Pcyox1l<em1(IMPC)J>,homozygote,JAX,2.690036900369004,0.583,0.335,0.85,8.0,2541.0,Pcyox1l_Pcyox1l<em1(IMPC)J>_homozygote_JAX,26.115,29.905,38.694,23.402,22.552,3.5662100456621006,0.627,0.336,0.929,4.0,1264.0,Pcyox1l_Pcyox1l<em1(IMPC)J>_homozygote_JAX_male,29.8,29.155,41.475,28.06,24.009,0.5518913676042677,0.434,0.114,0.75,4.0,1277.0,Pcyox1l_Pcyox1l<em1(IMPC)J>_homozygote_JAX_female,16.075,24.391,23.518,13.804,17.88,Novel
U2af1,U2af1<em1(IMPC)J>,heterozygote,JAX,2.6101083032490973,0.585,0.333,0.838,8.0,2541.0,U2af1_U2af1<em1(IMPC)J>_heterozygote_JAX,20.13,17.531,33.476,23.901,18.759,0.3084723585214262,0.377,0.092,0.688,4.0,1264.0,U2af1_U2af1<em1(IMPC)J>_heterozygote_JAX_male,26.287,20.602,27.831,23.259,21.83,3.4101433296582138,0.624,0.33,0.91,4.0,1277.0,U2af1_U2af1<em1(IMPC)J>_heterozygote_JAX_female,16.259,16.317,32.253,22.547,17.062,Novel
Myo3a,Myo3a<tm1b(KOMP)Wtsi>,homozygote,JAX,2.659652333028362,0.584,0.342,0.847,8.0,2541.0,Myo3a_Myo3a<tm1b(KOMP)Wtsi>_homozygote_JAX,14.157,22.23,20.963,12.608,14.482,0.2700428639466582,0.372,0.091,0.667,4.0,1264.0,Myo3a_Myo3a<tm1b(KOMP)Wtsi>_homozygote_JAX_male,16.538,20.575,18.813,17.856,17.203,3.3859649122807016,0.625,0.33,0.907,4.0,1277.0,Myo3a_Myo3a<tm1b(KOMP)Wtsi>_homozygote_JAX_female,14.45,22.602,22.073,12.054,15.014,Known
Actl6b,Actl6b<em1(IMPC)J>,heterozygote,JAX,0.3838436256702993,0.417,0.158,0.662,8.0,2541.0,Actl6b_Actl6b<em1(IMPC)J>_heterozygote_JAX,24.09,24.085,26.083,22.638,21.964,0.0090817356205852,0.125,0.0,0.338,4.0,1264.0,Actl6b_Actl6b<em1(IMPC)J>_heterozygote_JAX_male,19.974,19.924,19.98,19.966,20.009,3.434589800443459,0.625,0.328,0.916,4.0,1277.0,Actl6b_Actl6b<em1(IMPC)J>_heterozygote_JAX_female,24.502,24.193,26.011,22.481,21.924,Novel
Csnk1g3,Csnk1g3<tm1a(EUCOMM)Wtsi>,homozygote,WTSI,1.5173064820641913,0.538,0.264,0.8,8.0,904.0,Csnk1g3_Csnk1g3<tm1a(EUCOMM)Wtsi>_homozygote_WTSI,5.026,4.746,5.451,13.809,32.504,0.0104837691044587,0.131,0.0,0.343,4.0,453.0,Csnk1g3_Csnk1g3<tm1a(EUCOMM)Wtsi>_homozygote_WTSI_male,19.428,19.571,19.633,19.721,20.32,3.424778761061947,0.624,0.318,0.906,4.0,451.0,Csnk1g3_Csnk1g3<tm1a(EUCOMM)Wtsi>_homozygote_WTSI_female,7.103,5.297,5.636,15.015,31.034,Candidate
Tmem108,Tmem108<tm1b(EUCOMM)Wtsi>,homozygote,ICS,1.23463687150838,0.516,0.303,0.742,15.0,1512.0,Tmem108_Tmem108<tm1b(EUCOMM)Wtsi>_homozygote_ICS,18.201,14.262,15.755,25.984,24.436,0.1702750146284377,0.343,0.101,0.618,7.0,767.0,Tmem108_Tmem108<tm1b(EUCOMM)Wtsi>_homozygote_ICS_male,15.489,13.309,15.037,24.396,24.435,3.056795131845842,0.596,0.346,0.841,8.0,745.0,Tmem108_Tmem108<tm1b(EUCOMM)Wtsi>_homozygote_ICS_female,20.536,16.258,17.064,23.755,21.224,Novel
Myo1d,Myo1d<em1(IMPC)J>,homozygote,JAX,2.67140890316659,0.584,0.32,0.822,8.0,2541.0,Myo1d_Myo1d<em1(IMPC)J>_homozygote_JAX,10.16,22.228,40.541,13.666,15.572,0.2911555842479019,0.377,0.087,0.672,4.0,1264.0,Myo1d_Myo1d<em1(IMPC)J>_homozygote_JAX_male,12.338,27.116,29.982,18.622,16.221,3.343105320304017,0.626,0.329,0.916,4.0,1277.0,Myo1d_Myo1d<em1(IMPC)J>_homozygote_JAX_female,11.682,17.856,39.967,12.754,17.053,Novel
D6Wsu163e,D6Wsu163e<tm1b(EUCOMM)Wtsi>,homozygote,WTSI,2.582624272279445,0.584,0.32,0.832,8.0,904.0,D6Wsu163e_D6Wsu163e<tm1b(EUCOMM)Wtsi>_homozygote_WTSI,7.302,6.643,5.38,14.602,36.188,0.3061224489795918,0.377,0.083,0.673,4.0,453.0,D6Wsu163e_D6Wsu163e<tm1b(EUCOMM)Wtsi>_homozygote_WTSI_male,9.146,11.969,8.131,16.041,27.979,3.3835616438356166,0.623,0.342,0.911,4.0,451.0,D6Wsu163e_D6Wsu163e<tm1b(EUCOMM)Wtsi>_homozygote_WTSI_female,9.054,6.252,6.558,14.995,34.265,Candidate
Wdtc1,Wdtc1<tm1a(KOMP)Wtsi>,homozygote,WTSI,0.6086869093102755,0.454,0.195,0.723,7.0,904.0,Wdtc1_Wdtc1<tm1a(KOMP)Wtsi>_homozygote_WTSI,9.899,14.131,36.268,53.298,39.487,0.017293997965412,0.143,0.0,0.372,3.0,453.0,Wdtc1_Wdtc1<tm1a(KOMP)Wtsi>_homozygote_WTSI_male,20.012,20.005,20.1,20.035,20.026,3.294149221685453,0.626,0.323,0.91,4.0,451.0,Wdtc1_Wdtc1<tm1a(KOMP)Wtsi>_homozygote_WTSI_female,10.02,14.015,35.232,52.234,38.838,Novel
