proc_id,proc_name,n_assertions,n_unique_mp_terms,mp_terms_sample,classification,has_acoustic_mp_terms,notes
IMPC_PAT_002,Gross Pathology and Tissue Collection,8302,118,abnormal adrenal gland morphology; abnormal bone marrow morphology; abnormal bone structure; abnormal brain morphology; abnormal cecum morphology,non_acoustic,False,
IMPC_HEM_002,Hematology,4542,32,decreased basophil cell number; decreased eosinophil cell number; decreased erythrocyte cell number; decreased hematocrit; decreased hemoglobin content,non_acoustic,False,
IMPC_DXA_001,Body Composition (DEXA lean/fat),3847,11,abnormal bone structure; decreased body length; decreased bone mineral content; decreased bone mineral density; decreased lean body mass,non_acoustic,False,
IMPC_VIA_002,Viability Primary Screen,3657,2,"preweaning lethality, complete penetrance; preweaning lethality, incomplete penetrance",non_acoustic,False,
IMPC_OFD_001,Open Field,3240,11,abnormal behavior; decreased anxiety-related response; decreased exploration in new environment; decreased locomotor activity; decreased thigmotaxis,non_acoustic,False,
IMPC_CBC_003,Clinical Chemistry,3238,49,abnormal cholesterol homeostasis; decreased blood urea nitrogen level; decreased circulating HDL cholesterol level; decreased circulating alanine transaminase level; decreased circulating alkaline phosphatase level,non_acoustic,False,
IMPC_EYE_003,Eye Morphology,2292,33,abnormal cornea morphology; abnormal eye anterior chamber depth; abnormal eye posterior chamber depth; abnormal eyelid morphology; abnormal iris morphology,non_acoustic,False,
IMPC_GEL_003,Gross Morphology Embryo E9.5,2046,29,abnormal allantois morphology; abnormal blood vessel morphology; abnormal chorioallantoic fusion; abnormal embryo development; abnormal embryo size,non_acoustic,False,
IMPC_CSD_003,Combined SHIRPA and Dysmorphology,1985,39,abnormal autopod morphology; abnormal behavior; abnormal coat appearance; abnormal coat/ hair morphology; abnormal coat/hair pigmentation,mixed_contains_acoustic,False,Includes pinna reflex/startle alongside non-acoustic items; Pass 2 handles per-gene
IMPC_EYE_001,Eye Morphology,1882,30,abnormal cornea morphology; abnormal eyelid morphology; abnormal iris morphology; abnormal iris pigmentation; abnormal iris transillumination,non_acoustic,False,
JAX_OFD_001,Open Field - centre start,1759,9,abnormal behavior; decreased anxiety-related response; decreased locomotor activity; decreased thigmotaxis; decreased vertical activity,non_acoustic,False,
IMPC_ACS_003,Acoustic Startle and Pre-pulse Inhibition (PPI),1587,4,decreased prepulse inhibition; decreased startle reflex; increased prepulse inhibition; increased startle reflex,acoustic_dependent,True,All assertions from this procedure are acoustic-dependent
IMPC_VIA_001,Viability Primary Screen,1554,2,"preweaning lethality, complete penetrance; preweaning lethality, incomplete penetrance",non_acoustic,False,
IMPC_GEO_003,Gross Morphology Embryo E14.5-E15.5,1477,31,abnormal abdominal wall morphology; abnormal blood vessel morphology; abnormal craniofacial morphology; abnormal ear morphology; abnormal embryo development,non_acoustic,False,
IMPC_CBC_002,Clinical Chemistry,1336,45,decreased blood urea nitrogen level; decreased circulating HDL cholesterol level; decreased circulating alanine transaminase level; decreased circulating alkaline phosphatase level; decreased circulating amylase level,non_acoustic,False,
IMPC_GEP_003,Gross Morphology Embryo E18.5,1185,34,abnormal blood vessel morphology; abnormal body wall morphology; abnormal embryo development; abnormal embryo size; abnormal eyelid fusion,non_acoustic,False,
UCDLA_PAT_002,Gross Pathology and Tissue Collection,1058,63,abnormal adrenal gland morphology; abnormal brain morphology; abnormal cecum morphology; abnormal duodenum morphology; abnormal epididymis morphology,non_acoustic,False,
IMPC_HIS_003,Histopathology,939,66,abscess; acute inflammation; aplasia; arthrosis; aspermia,non_acoustic,False,
IMPC_CBC_001,Clinical Chemistry,908,48,decreased blood urea nitrogen level; decreased circulating HDL cholesterol level; decreased circulating LDL cholesterol level; decreased circulating alkaline phosphatase level; decreased circulating amylase level,non_acoustic,False,
IMPC_IPG_001,Intraperitoneal glucose tolerance test (IPGTT),864,4,decreased fasting circulating glucose level; impaired glucose tolerance; improved glucose tolerance; increased fasting circulating glucose level,non_acoustic,False,
IMPC_ABR_002,Auditory Brain Stem Response,709,1,abnormal auditory brainstem response,acoustic_dependent,True,All assertions from this procedure are acoustic-dependent
IMPC_GRS_001,Grip Strength,705,2,decreased grip strength; increased grip strength,non_acoustic,False,
IMPC_EVL_001,Viability E9.5 Secondary Screen,576,1,embryonic lethality prior to organogenesis,non_acoustic,False,
IMPC_XRY_001,X-ray,574,31,abnormal caudal vertebrae morphology; abnormal clavicle morphology; abnormal cranium morphology; abnormal digit morphology; abnormal femur morphology,non_acoustic,False,
IMPC_ECG_003,Electrocardiogram (ECG),556,20,abnormal QT variability; abnormal heartbeat; abnormal sinus arrhythmia; cardiovascular system phenotype; decreased heart rate,non_acoustic,False,
JAX_LDT_001,Light-Dark Test,539,6,decreased exploration in new environment; decreased locomotor activity; decreased thigmotaxis; hyperactivity; increased anxiety-related response,non_acoustic,False,
IMPC_CSD_001,Combined SHIRPA and Dysmorphology,538,29,abnormal autopod morphology; abnormal behavior; abnormal coat appearance; abnormal coat/ hair morphology; abnormal coat/hair pigmentation,mixed_contains_acoustic,False,Includes pinna reflex/startle alongside non-acoustic items; Pass 2 handles per-gene
IMPC_HIS_001,Histopathology,501,38,acanthosis; aspermia; atrophy; cataract; cell and tissue damage,non_acoustic,False,
IMPC_FER_001,Fertility of Homozygous Knock-out Mice,500,2,female infertility; male infertility,non_acoustic,False,
IMPC_GEM_003,Gross Morphology Embryo E12.5,498,27,abnormal abdominal wall morphology; abnormal blood vessel morphology; abnormal craniofacial morphology; abnormal cranium morphology; abnormal ear morphology,non_acoustic,False,
IMPC_ECH_001,Echo,480,20,abnormal heart left ventricle morphology; aorta stenosis; decreased body temperature; decreased cardiac muscle contractility; decreased cardiac output,non_acoustic,False,
CCP_XRY_001,X-ray,449,30,abnormal cranium morphology; abnormal digit morphology; abnormal femur morphology; abnormal fibula morphology; abnormal humerus morphology,non_acoustic,False,
IMPC_HWT_001,Heart Weight,401,4,decreased heart weight; increased heart weight; long tibia; short tibia,non_acoustic,False,
M-G-P_025_001,Clinical Chemistry,385,50,decreased blood urea nitrogen level; decreased circulating HDL cholesterol level; decreased circulating LDL cholesterol level; decreased circulating alanine transaminase level; decreased circulating alkaline phosphatase level,non_acoustic,False,
IMPC_EVM_001,Viability E12.5 Secondary Screen,364,1,embryonic lethality prior to tooth bud stage,non_acoustic,False,
ESLIM_011_001,Acoustic Startle&PPI,363,3,decreased prepulse inhibition; increased prepulse inhibition; increased startle reflex,acoustic_dependent,True,All assertions from this procedure are acoustic-dependent
ESLIM_015_001,Clinical Chemistry,355,44,decreased blood urea nitrogen level; decreased circulating HDL cholesterol level; decreased circulating LDL cholesterol level; decreased circulating alanine transaminase level; decreased circulating alkaline phosphatase level,non_acoustic,False,
IMPC_GPO_001,Gross Morphology Placenta E14.5-E15.5,341,4,abnormal placenta morphology; abnormal placenta size; abnormal placenta vasculature; pale placenta,non_acoustic,False,
JAXLA_CSD_003,Combined SHIRPA and Dysmorphology,335,23,abnormal autopod morphology; abnormal coat appearance; abnormal coat/ hair morphology; abnormal coat/hair pigmentation; abnormal digit morphology,mixed_contains_acoustic,False,Includes pinna reflex/startle alongside non-acoustic items; Pass 2 handles per-gene
MGP_IMM_001,Spleen Immunophenotyping,335,83,decreased B cell number; decreased B-1a cell number; decreased B-2 B cell number; decreased CD11b-high dendritic cell number; decreased CD11b-low dendritic cell number,non_acoustic,False,
MGP_CSD_001,Combined SHIRPA and Dysmorphology,331,27,abnormal autopod morphology; abnormal coat appearance; abnormal coat/hair pigmentation; abnormal digit morphology; abnormal ear position,mixed_contains_acoustic,False,Includes pinna reflex/startle alongside non-acoustic items; Pass 2 handles per-gene
CCP_LFO_001,Lung mechanics by forced oscillations,323,11,abnormal inspiratory capacity; decreased airway resistance; decreased body weight; decreased lung compliance; decreased lung elastance,non_acoustic,False,
IMPC_HEM_001,Hematology,309,20,decreased erythrocyte cell number; decreased hematocrit; decreased hemoglobin content; decreased leukocyte cell number; decreased mean corpuscular hemoglobin,non_acoustic,False,
IMPC_CSD_002,Combined SHIRPA and Dysmorphology,288,31,abnormal autopod morphology; abnormal behavior; abnormal coat appearance; abnormal coat/ hair morphology; abnormal coat/hair pigmentation,mixed_contains_acoustic,False,Includes pinna reflex/startle alongside non-acoustic items; Pass 2 handles per-gene
UCD_OWT_001,Organ Weight,279,17,abnormal testis weight; decreased body length; decreased brain weight; decreased heart weight; decreased kidney weight,non_acoustic,False,
MGP_PBI_001,Whole blood peripheral blood leukocyte immunophenotyping,273,39,"decreased B cell number; decreased CD4-positive, alpha-beta T cell number; decreased CD4-positive, alpha-beta memory T cell number; decreased KLRG1-positive NK cell number; decreased Ly6C high monocyte number",non_acoustic,False,
ESLIM_005_001,DEXA,249,10,abnormal bone mineralization; abnormal bone structure; decreased body length; decreased bone mineral density; decreased lean body mass,non_acoustic,False,
IMPC_FEA_001,Fear Conditioning,237,7,abnormal freezing behavior; decreased freezing behavior; enhanced contextual conditioning behavior; enhanced cued conditioning behavior; impaired contextual conditioning behavior,non_acoustic,False,
ESLIM_008_001,Modified SHIRPA,237,15,abnormal defecation; abnormal gait; abnormal locomotor activation; abnormal response to new environment; abnormal response to tactile stimuli,mixed_contains_acoustic,False,Includes pinna reflex/startle alongside non-acoustic items; Pass 2 handles per-gene
TCPLA_PAT_002,Gross Pathology and Tissue Collection,236,42,abnormal epididymis morphology; abnormal eye morphology; abnormal gallbladder morphology; abnormal heart morphology; abnormal kidney morphology,non_acoustic,False,
M-G-P_005_001,Dexa-scan analysis,233,12,decreased body length; decreased body weight; decreased bone mineral content; decreased bone mineral density; decreased lean body mass,non_acoustic,False,
ESLIM_016_001,Haematology,224,14,decreased erythrocyte cell number; decreased hematocrit; decreased hemoglobin content; decreased leukocyte cell number; decreased mean corpuscular hemoglobin concentration,non_acoustic,False,
IMPC_IMM_002,Immunophenotyping,215,24,"decreased CD4-positive NK T cell number; decreased CD4-positive, CD25-positive, alpha-beta regulatory T cell number; decreased CD4-positive, alpha-beta T cell number; decreased CD8-positive, alpha-beta T cell number; decreased CD8-positive, naive alpha-beta T cell number",non_acoustic,False,
MGP_XRY_001,X-ray,208,26,abnormal clavicle morphology; abnormal cranium morphology; abnormal digit morphology; abnormal femur morphology; abnormal fibula morphology,non_acoustic,False,
MGP_MLN_001,Mesenteric Lymph Node Immunophenotyping,189,57,"decreased B cell number; decreased B-2 B cell number; decreased CD4-positive, alpha-beta T cell number; decreased CD8-positive, alpha-beta T cell number; decreased CD8-positive, naive alpha-beta T cell number",non_acoustic,False,
M-G-P_016_001,Haematology test,180,14,decreased erythrocyte cell number; decreased hematocrit; decreased hemoglobin content; decreased leukocyte cell number; decreased mean corpuscular hemoglobin,non_acoustic,False,
JAX_SLW_001,Sleep Wake,177,1,abnormal sleep behavior,non_acoustic,False,
ESLIM_007_001,Open-field,168,3,abnormal behavior; decreased locomotor activity; hyperactivity,non_acoustic,False,
HRWLLA_OFD_001,Open Field,152,7,abnormal behavior; decreased anxiety-related response; decreased exploration in new environment; decreased locomotor activity; decreased thigmotaxis,non_acoustic,False,
ESLIM_023_001,Homozygote viability at weaning,152,2,"preweaning lethality, complete penetrance; preweaning lethality, incomplete penetrance",non_acoustic,False,
IMPC_OWT_001,Organ Weight,142,6,decreased kidney weight; decreased liver weight; decreased spleen weight; increased kidney weight; increased liver weight,non_acoustic,False,
JAXLA_OFD_001,Open Field - centre start,136,6,decreased anxiety-related response; decreased locomotor activity; decreased vertical activity; hyperactivity; increased anxiety-related response,non_acoustic,False,
HRWLLA_HEM_002,Hematology,125,23,decreased erythrocyte cell number; decreased hematocrit; decreased hemoglobin content; decreased leukocyte cell number; decreased lymphocyte cell number,non_acoustic,False,
IMPC_EVO_001,Viability E14.5-E15.5 Secondary Screen,122,1,prenatal lethality prior to heart atrial septation,non_acoustic,False,
RBRCLA_PAT_002,Gross Pathology and Tissue Collection,122,34,abnormal brain morphology; abnormal colon morphology; abnormal duodenum morphology; abnormal epididymis morphology; abnormal heart morphology,non_acoustic,False,
ESLIM_018_001,FACs Analysis,119,18,"decreased B cell number; decreased CD4-positive, alpha-beta T cell number; decreased CD8-positive, alpha-beta T cell number; decreased NK cell number; decreased T cell number",non_acoustic,False,
ESLIM_021_001,Fasted Clinical Chemistry,113,14,decreased circulating HDL cholesterol level; decreased circulating LDL cholesterol level; decreased circulating cholesterol level; decreased circulating free fatty acids level; decreased circulating glucose level,non_acoustic,False,
IMPC_CAL_003,Indirect Calorimetry,112,6,decreased fluid intake; decreased food intake; decreased respiratory quotient; increased fluid intake; increased food intake,non_acoustic,False,
TCP_CHL_003,Challenge Whole Body Plethysmography,111,9,decreased body weight; decreased bronchoconstrictive response; decreased pulmonary respiratory rate; decreased pulmonary ventilation; decreased tidal volume,non_acoustic,False,
IMPC_IMM_001,Immunophenotyping,106,44,decreased B cell number; decreased B-1a cell number; decreased B-2 B cell number; decreased CD11b-high dendritic cell number; decreased CD4-negative NK T cell number,non_acoustic,False,
M-G-P_007_001,Open Field,105,3,abnormal behavior; decreased locomotor activity; hyperactivity,non_acoustic,False,
HRWLLA_CBC_002,Clinical Chemistry,104,30,decreased blood urea nitrogen level; decreased circulating HDL cholesterol level; decreased circulating alkaline phosphatase level; decreased circulating calcium level; decreased circulating chloride level,non_acoustic,False,
IMPC_ABR_001,Auditory Brain Stem Response,103,1,abnormal auditory brainstem response,acoustic_dependent,True,All assertions from this procedure are acoustic-dependent
JAX_PLC_001,Plasma Chemistry,101,10,decreased circulating HDL cholesterol level; decreased circulating cholesterol level; decreased circulating free fatty acids level; decreased circulating glucose level; decreased circulating triglyceride level,non_acoustic,False,
IMPC_LDT_001,Light-Dark Test,96,4,decreased exploration in new environment; decreased thigmotaxis; increased exploration in new environment; increased thigmotaxis,non_acoustic,False,
IMPC_GPP_001,Gross Morphology Placenta E18.5,96,4,abnormal placenta morphology; abnormal placenta size; abnormal placenta vasculature; abnormal umbilical cord morphology,non_acoustic,False,
HRWL_OWT_001,Organ Weight,93,6,decreased heart weight; decreased kidney weight; decreased spleen weight; increased heart weight; increased kidney weight,non_acoustic,False,
M-G-P_020_001,Heart Dissection,90,3,decreased body weight; increased body weight; increased heart weight,non_acoustic,False,
BCM_OFD_001,Open Field - centre start,89,6,decreased locomotor activity; decreased thigmotaxis; decreased vertical activity; hyperactivity; increased thigmotaxis,non_acoustic,False,
HMGULA_PAT_002,Gross Pathology and Tissue Collection,89,27,abnormal eye morphology; abnormal ileum morphology; abnormal jejunum morphology; abnormal kidney morphology; abnormal liver morphology,non_acoustic,False,
M-G-P_026_001,Dysmorphology,84,18,abnormal coat/ hair morphology; abnormal coat/hair pigmentation; abnormal external female genitalia morphology; abnormal external male genitalia morphology; abnormal eye pigmentation,non_acoustic,False,
M-G-P_006_001,X-ray,81,12,abnormal cranium morphology; abnormal humerus morphology; abnormal joint morphology; abnormal mandible morphology; abnormal maxilla morphology,non_acoustic,False,
UCDLA_HIS_003,Histopathology,77,16,atrophy; chronic inflammation; developmental dysplasia; granulomatous inflammation; growth arrest,non_acoustic,False,
JAXLA_DXA_001,Body Composition (DEXA lean/fat),74,9,abnormal bone structure; decreased body length; decreased bone mineral content; decreased bone mineral density; decreased lean body mass,non_acoustic,False,
M-G-P_014_001,Slit Lamp,73,10,abnormal cornea morphology; abnormal eye morphology; abnormal eye size; abnormal eyelid aperture; abnormal iris morphology,non_acoustic,False,
M-G-P_012_001,Hot Plate,73,3,decreased body weight; increased body weight; increased thermal nociceptive threshold,non_acoustic,False,
JAXLA_CBC_003,Clinical Chemistry,70,21,abnormal cholesterol homeostasis; decreased blood urea nitrogen level; decreased circulating alkaline phosphatase level; decreased circulating aspartate transaminase level; decreased circulating creatinine level,non_acoustic,False,
ESLIM_013_001,Indirect ophthalmoscopy,68,3,abnormal eye morphology; abnormal retina morphology; abnormal retina pigmentation,non_acoustic,False,
IMPC_ECG_001,Electrocardiogram (ECG),66,15,abnormal sinus arrhythmia; cardiovascular system phenotype; decreased heart rate; increased heart rate; increased heart rate variability,non_acoustic,False,
IMPC_INS_003,Insulin Blood Level,66,2,decreased circulating insulin level; increased circulating insulin level,non_acoustic,False,
ESLIM_009_001,Grip-Strength,63,2,decreased grip strength; increased grip strength,non_acoustic,False,
CCP_LDT_001,Dark-Light Test,62,6,abnormal anxiety-related response; decreased exploration in new environment; decreased locomotor activity; decreased thigmotaxis; hyperactivity,non_acoustic,False,
ESLIM_001_001,Dysmorphology,61,16,abnormal autopod morphology; abnormal body length; abnormal coat/ hair morphology; abnormal coat/hair pigmentation; abnormal cranium morphology,non_acoustic,False,
M-G-P_009_001,Grip Strength,58,1,decreased body weight,non_acoustic,False,
JAXLA_EYE_001,Eye Morphology,55,12,abnormal cornea morphology; abnormal lens morphology; abnormal placement of pupils; abnormal retina blood vessel morphology; abnormal retina morphology,non_acoustic,False,
ICS_IMM_002,Immunophenotyping,54,25,"decreased B cell number; decreased CD4-negative NK T cell number; decreased CD4-positive, CD25-positive, alpha-beta regulatory T cell number; decreased CD4-positive, alpha-beta T cell number; decreased CD5-positive Ly6C-positive T cell number",non_acoustic,False,
KMPCLA_DXA_001,Body Composition (DEXA lean/fat),54,9,abnormal bone structure; decreased bone mineral content; decreased bone mineral density; decreased lean body mass; decreased total body fat amount,non_acoustic,False,
JAX_URI_001,Urinalysis,53,7,decreased urine creatinine level; decreased urine glucose level; decreased urine magnesium level; decreased urine microalbumin level; increased urine glucose level,non_acoustic,False,
ICS_FEA_001,Fear Conditioning,52,4,abnormal contextual conditioning behavior; abnormal cued conditioning behavior; abnormal freezing behavior; abnormal locomotor behavior,non_acoustic,False,
ESLIM_022_001,Body Weight,52,2,decreased body weight; increased body weight,non_acoustic,False,
TCPLA_HIS_003,Histopathology,52,19,aspermia; atrophy; cataract; lens extrusion; defective growth and differentiation process; developmental dysplasia,non_acoustic,False,
IMPC_GPM_001,Gross Morphology Placenta E12.5,51,5,abnormal placenta development; abnormal placenta morphology; abnormal placenta size; abnormal placenta vasculature; abnormal umbilical cord morphology,non_acoustic,False,
KMPCLA_CSD_003,Combined SHIRPA and Dysmorphology,50,8,abnormal coat/ hair morphology; abnormal coat/hair pigmentation; abnormal digit morphology; abnormal head morphology; abnormal mouth morphology,mixed_contains_acoustic,False,Includes pinna reflex/startle alongside non-acoustic items; Pass 2 handles per-gene
CCP_IMM_001,Immunophenotyping - one panel,49,19,"decreased CD4-positive NK T cell number; decreased CD4-positive, alpha-beta T cell number; decreased CD8-positive, naive alpha-beta T cell number; decreased NK T cell number; decreased T-helper cell number",non_acoustic,False,
HRWLLA_DXA_001,Body Composition (DEXA lean/fat),46,8,decreased bone mineral content; decreased bone mineral density; decreased lean body mass; decreased total body fat amount; increased bone mineral content,non_acoustic,False,
M-G-P_008_001,Modified SHIRPA,44,14,abnormal gait; abnormal locomotor activation; abnormal response to new environment; abnormal response to tactile stimuli; abnormal tail movements,mixed_contains_acoustic,False,Includes pinna reflex/startle alongside non-acoustic items; Pass 2 handles per-gene
JAX_HBD_001,Hole-board Exploration,42,2,decreased exploration in new environment; increased exploration in new environment,non_acoustic,False,
HRWLLA_CSD_003,Combined SHIRPA and Dysmorphology,41,14,abnormal coat/ hair morphology; abnormal coat/hair pigmentation; abnormal gait; abnormal head morphology; abnormal locomotor behavior,mixed_contains_acoustic,False,Includes pinna reflex/startle alongside non-acoustic items; Pass 2 handles per-gene
UCDLA_CBC_003,Clinical Chemistry,41,16,abnormal cholesterol homeostasis; decreased circulating HDL cholesterol level; decreased circulating alanine transaminase level; decreased circulating aspartate transaminase level; decreased circulating bilirubin level,non_acoustic,False,
M-G-P_013_001,Ophthalmoscope,41,3,abnormal eye morphology; abnormal retina morphology; abnormal retina pigmentation,non_acoustic,False,
MGP_ANA_001,Anti-nuclear antibody assay,40,1,increased anti-nuclear antigen antibody level,non_acoustic,False,
ESLIM_006_001,X-Ray,39,13,abnormal cranium morphology; abnormal joint morphology; abnormal radius morphology; abnormal rib morphology; abnormal tibia morphology,non_acoustic,False,
ESLIM_019_001,Immunoglobulin,38,11,decreased IgA level; decreased IgE level; decreased IgG1 level; decreased IgG3 level; decreased IgM level,non_acoustic,False,
GMC_906_001,Clinical chemistry (GMC),37,18,abnormal iron homeostasis; decreased circulating amylase level; decreased circulating calcium level; decreased circulating chloride level; decreased circulating cholesterol level,non_acoustic,False,
KMPCLA_PAT_002,Gross Pathology and Tissue Collection,35,14,abnormal duodenum morphology; abnormal eye morphology; abnormal ileum morphology; abnormal jejunum morphology; abnormal liver morphology,non_acoustic,False,
ESLIM_014_001,Slit Lamp,34,11,abnormal cornea morphology; abnormal eye morphology; abnormal iris morphology; abnormal iris pigmentation; abnormal lens morphology,non_acoustic,False,
IMPC_ECG_002,Electrocardiogram (ECG),33,9,abnormal sinus arrhythmia; cardiovascular system phenotype; decreased heart rate; increased heart rate variability; prolonged PQ interval,non_acoustic,False,
ESLIM_020_001,Heart weight/tibia length,32,4,decreased heart weight; increased heart weight; long tibia; short tibia,non_acoustic,False,
RBRCLA_HEM_002,Hematology,31,14,decreased erythrocyte cell number; decreased hematocrit; decreased hemoglobin content; decreased mean corpuscular hemoglobin; decreased mean corpuscular volume,non_acoustic,False,
KMPCLA_OFD_001,Open Field,31,3,abnormal behavior; decreased thigmotaxis; hyperactivity,non_acoustic,False,
IMPC_EVP_001,Viability E18.5 Secondary Screen,29,1,prenatal lethality,non_acoustic,False,
TCPLA_DXA_001,Body Composition (DEXA lean/fat),26,8,abnormal bone structure; decreased body length; decreased bone mineral content; decreased bone mineral density; decreased lean body mass,non_acoustic,False,
MGP_IPG_001,Intraperitoneal glucose tolerance test (IPGTT),26,4,decreased fasting circulating glucose level; impaired glucose tolerance; improved glucose tolerance; increased fasting circulating glucose level,non_acoustic,False,
UCDLA_EYE_003,Eye Morphology,26,6,abnormal retina morphology; abnormal retina vasculature morphology; abnormal vitreous body morphology; cataract; cornea opacity,non_acoustic,False,
M-G-P_004_001,IPGTT,26,2,decreased body weight; increased body weight,non_acoustic,False,
JAXLA_HEM_002,Hematology,24,8,decreased mean corpuscular hemoglobin; decreased mean corpuscular volume; increased erythrocyte cell number; increased leukocyte cell number; increased mean corpuscular hemoglobin,non_acoustic,False,
RBRCLA_CBC_003,Clinical Chemistry,23,11,abnormal blood urea nitrogen level; abnormal blood uric acid level; abnormal cholesterol homeostasis; abnormal circulating LDL cholesterol level; abnormal circulating alanine transaminase level,non_acoustic,False,
HRWLLA_PAT_002,Gross Pathology and Tissue Collection,23,9,abnormal seminal vesicle morphology; abnormal spleen morphology; enlarged heart; enlarged kidney; enlarged seminal vesicle,non_acoustic,False,
GMC_920_001,Spontaneous breathing (GMC),22,4,abnormal whole-body plethysmography; decreased body weight; decreased tidal volume; increased body weight,non_acoustic,False,
UCDLA_HEM_002,Hematology,22,12,decreased erythrocyte cell number; decreased hematocrit; decreased leukocyte cell number; decreased mean corpuscular hemoglobin; decreased mean corpuscular volume,non_acoustic,False,
JAXLA_LDT_001,Light-Dark Test,21,5,decreased exploration in new environment; decreased locomotor activity; hyperactivity; increased anxiety-related response; increased thigmotaxis,non_acoustic,False,
HMGULA_CBC_002,Clinical Chemistry,21,14,decreased circulating HDL cholesterol level; decreased circulating chloride level; decreased circulating cholesterol level; decreased circulating creatinine level; decreased circulating glucose level,non_acoustic,False,
KMPCLA_CBC_003,Clinical Chemistry,20,14,abnormal cholesterol homeostasis; decreased blood urea nitrogen level; decreased circulating serum albumin level; increased blood urea nitrogen level; increased circulating HDL cholesterol level,non_acoustic,False,
GMC_905_001,Haematology (GMC),20,13,decreased hematocrit; decreased hemoglobin content; decreased mean corpuscular hemoglobin concentration; decreased mean platelet volume; increased cellular hemoglobin content,non_acoustic,False,
MGP_BMI_001,Bone marrow immunophenotyping,20,12,decreased B cell number; decreased T cell number; decreased immature B cell number; decreased mature B cell number; decreased pre-B cell number,non_acoustic,False,
GMC_916_001,Holeboard (GMC),20,10,abnormal anxiety-related response; abnormal social/conspecific interaction behavior; decreased body weight; decreased exploration in new environment; decreased locomotor activity,non_acoustic,False,
RBRCLA_CSD_003,Combined SHIRPA and Dysmorphology,18,8,abnormal autopod morphology; abnormal behavior; abnormal digit morphology; abnormal locomotor behavior; abnormal nail morphology,mixed_contains_acoustic,False,Includes pinna reflex/startle alongside non-acoustic items; Pass 2 handles per-gene
JAX_ECT_001,Electroconvulsive Threshold Testing,18,1,convulsive seizures,non_acoustic,False,
TCPLA_CBC_003,Clinical Chemistry,18,14,abnormal cholesterol homeostasis; decreased circulating HDL cholesterol level; decreased circulating alkaline phosphatase level; decreased circulating aspartate transaminase level; decreased circulating glucose level,non_acoustic,False,
HRWLLA_EYE_001,Eye Morphology,18,4,abnormal retina morphology; cataract; cornea opacity; impaired pupillary reflex,non_acoustic,False,
HRWLIP_CSD_003,Combined SHIRPA and Dysmorphology,17,10,abnormal coat/hair pigmentation; abnormal gait; abnormal startle reflex; abnormal tooth morphology; abnormal vibrissa morphology,mixed_contains_acoustic,True,Includes pinna reflex/startle alongside non-acoustic items; Pass 2 handles per-gene
UCD_HBD_001,Hole-board Exploration,17,1,increased exploration in new environment,non_acoustic,False,
JAX_ROT_001,Rotarod,16,2,abnormal motor coordination/balance; abnormal motor learning,non_acoustic,False,
ESLIM_004_001,Simplified IPGTT,16,1,abnormal glucose homeostasis,non_acoustic,False,
TCPLA_HEM_002,Hematology,16,12,decreased eosinophil cell number; decreased erythrocyte cell number; decreased hematocrit; decreased hemoglobin content; decreased lymphocyte cell number,non_acoustic,False,
TCPLA_CSD_003,Combined SHIRPA and Dysmorphology,16,6,abnormal coat/ hair morphology; abnormal startle reflex; abnormal vocalization; decreased exploration in new environment; increased exploration in new environment,mixed_contains_acoustic,True,Includes pinna reflex/startle alongside non-acoustic items; Pass 2 handles per-gene
IMPC_EMA_002,MicroCT E18.5,15,3,abnormal craniofacial morphology; abnormal embryo size; abnormal spine curvature,non_acoustic,False,
JAX_TLS_001,Tail Suspension,15,2,decreased coping response; increased coping response,non_acoustic,False,
IMPC_EMO_002,MicroCT E14.5-E15.5,14,4,abnormal craniofacial morphology; abnormal embryo size; abnormal spine curvature; herniated abdominal wall,non_acoustic,False,
HRWLLA_FEA_001,Fear Conditioning,14,5,abnormal freezing behavior; decreased freezing behavior; impaired contextual conditioning behavior; impaired cued conditioning behavior; increased freezing behavior,non_acoustic,False,
ICSLA_OFD_001,Open Field,14,3,decreased locomotor activity; hyperactivity; increased vertical activity,non_acoustic,False,
UCDLA_DXA_001,Body Composition (DEXA lean/fat),14,8,abnormal bone structure; decreased body length; decreased bone mineral content; decreased bone mineral density; decreased lean body mass,non_acoustic,False,
HMGULA_DXA_001,Body Composition (DEXA lean/fat),13,6,decreased bone mineral density; decreased total body fat amount; increased bone mineral content; increased bone mineral density; increased lean body mass,non_acoustic,False,
HRWLLA_IPG_001,Intraperitoneal glucose tolerance test (IPGTT),13,4,decreased fasting circulating glucose level; impaired glucose tolerance; improved glucose tolerance; increased fasting circulating glucose level,non_acoustic,False,
GMC_914_001,Food efficiency (GMC),13,6,decreased body temperature; decreased body weight; decreased defecation amount; increased body temperature; increased defecation amount,non_acoustic,False,
HMGULA_IMM_001,Immunophenotyping,13,10,decreased B-1a cell number; decreased CD4-positive NK T cell number; decreased CD5-positive Ly6C-positive T cell number; decreased follicular B cell number; decreased plasmacytoid dendritic cell number,non_acoustic,False,
HMGULA_SHI_001,SHIRPA,12,4,abnormal gait; abnormal startle reflex; impaired righting response; tremors,mixed_contains_acoustic,True,Includes pinna reflex/startle alongside non-acoustic items; Pass 2 handles per-gene
GMC_923_001,Shirpa (GMC),12,6,abnormal gait; abnormal righting response; abnormal vibrissa morphology; decreased body weight; hyporesponsive to tactile stimuli,mixed_contains_acoustic,False,Includes pinna reflex/startle alongside non-acoustic items; Pass 2 handles per-gene
HMGULA_OFD_001,Open Field,12,4,decreased exploration in new environment; decreased locomotor activity; hyperactivity; increased vertical activity,non_acoustic,False,
KMPCIP_CSD_003,Combined SHIRPA and Dysmorphology,12,4,abnormal coat/ hair morphology; abnormal coat/hair pigmentation; abnormal skin coloration; abnormal vibrissa morphology,mixed_contains_acoustic,False,Includes pinna reflex/startle alongside non-acoustic items; Pass 2 handles per-gene
UCDLA_CSD_003,Combined SHIRPA and Dysmorphology,11,6,abnormal coat/ hair morphology; abnormal coat/hair pigmentation; abnormal gait; decreased exploration in new environment; increased exploration in new environment,mixed_contains_acoustic,False,Includes pinna reflex/startle alongside non-acoustic items; Pass 2 handles per-gene
JAXLA_CSD_001,Combined SHIRPA and Dysmorphology,11,5,abnormal coat/ hair morphology; abnormal coat/hair pigmentation; absent vibrissae; impaired righting response; limb grasping,mixed_contains_acoustic,False,Includes pinna reflex/startle alongside non-acoustic items; Pass 2 handles per-gene
UCDIP_CSD_003,Combined SHIRPA and Dysmorphology,11,4,abnormal coat appearance; abnormal coat/ hair morphology; abnormal coat/hair pigmentation; abnormal startle reflex,mixed_contains_acoustic,True,Includes pinna reflex/startle alongside non-acoustic items; Pass 2 handles per-gene
TCPLA_EYE_003,Eye Morphology,11,6,abnormal lens morphology; abnormal retina blood vessel morphology; abnormal retina vasculature morphology; cataract; cornea opacity,non_acoustic,False,
JAXLA_ECG_003,Electrocardiogram (ECG),11,4,decreased heart rate; increased heart rate; prolonged QRS complex duration; prolonged RR interval,non_acoustic,False,
RBRCLA_YMZ_001,Y-maze,10,3,abnormal exploration in a new environment; abnormal locomotor activation; abnormal spatial working memory,non_acoustic,False,
BCMLA_EYE_003,Eye Morphology,10,5,abnormal eye anterior chamber depth; abnormal retina outer nuclear layer morphology; abnormal retina vasculature morphology; decreased total retina thickness; increased cornea thickness,non_acoustic,False,
KMPCLA_HWT_001,Heart Weight,10,4,decreased heart weight; increased heart weight; long tibia; short tibia,non_acoustic,False,
HMGULA_ECH_001,Echo,10,8,abnormal heart left ventricle morphology; decreased cardiac stroke volume; decreased heart left ventricle size; decreased heart rate; increased cardiac muscle contractility,non_acoustic,False,
KMPCLA_HEM_002,Hematology,10,4,decreased mean corpuscular hemoglobin; increased mean corpuscular hemoglobin concentration; increased mean platelet volume; increased red blood cell distribution width,non_acoustic,False,
KMPCLA_FEA_001,Fear Conditioning,9,3,abnormal freezing behavior; enhanced cued conditioning behavior; increased freezing behavior,non_acoustic,False,
ICSLA_EYE_003,Eye Morphology,9,3,abnormal retina inner nuclear layer morphology; abnormal retina outer nuclear layer morphology; decreased total retina thickness,non_acoustic,False,
RBRCLA_OWT_001,Organ Weight,9,2,increased kidney weight; increased spleen weight,non_acoustic,False,
TCPIP_CSD_003,Combined SHIRPA and Dysmorphology,9,3,abnormal startle reflex; decreased exploration in new environment; increased exploration in new environment,mixed_contains_acoustic,True,Includes pinna reflex/startle alongside non-acoustic items; Pass 2 handles per-gene
ICS_ROT_001,Rotarod,9,1,abnormal motor capabilities/coordination/movement,non_acoustic,False,
HRWLLA_ECH_001,Echo,9,5,abnormal heart left ventricle morphology; increased cardiac muscle contractility; increased cardiac output; increased cardiac stroke volume; increased heart rate,non_acoustic,False,
HRWLLA_ECG_003,Electrocardiogram (ECG),8,4,prolonged PR interval; prolonged QRS complex duration; prolonged QT interval; prolonged RR interval,non_acoustic,False,
HRWLLA_OWT_001,Organ Weight,8,2,decreased spleen weight; increased spleen weight,non_acoustic,False,
JAXLA_HBD_001,Hole-board Exploration,8,2,decreased exploration in new environment; increased exploration in new environment,non_acoustic,False,
GMC_908_001,Bodyweight (GMC),8,1,decreased body weight,non_acoustic,False,
UCDLA_IPG_001,Intraperitoneal glucose tolerance test (IPGTT),8,3,decreased fasting circulating glucose level; impaired glucose tolerance; improved glucose tolerance,non_acoustic,False,
UCDLA_HWT_001,Heart Weight,8,2,decreased heart weight; increased heart weight,non_acoustic,False,
JAXLA_GRS_001,Grip Strength,8,2,decreased grip strength; increased grip strength,non_acoustic,False,
IMPC_CAL_002,Indirect Calorimetry,8,2,decreased respiratory quotient; increased fluid intake,non_acoustic,False,
MGP_EEI_001,Ear epidermis immunophenotyping,8,4,abnormal epidermal immune compartment; decreased Langerhans cell number; decreased dendritic epidermal T cell number; increased Langerhans cell number,non_acoustic,False,
RBRCLA_HWT_001,Heart Weight,7,1,abnormal heart weight,non_acoustic,False,
BCMLA_CSD_003,Combined SHIRPA and Dysmorphology,7,5,abnormal behavior; abnormal gait; abnormal vocalization; impaired righting response; increased aggression,mixed_contains_acoustic,False,Includes pinna reflex/startle alongside non-acoustic items; Pass 2 handles per-gene
UCDLA_ECG_003,Electrocardiogram (ECG),7,6,decreased heart rate; increased heart rate; prolonged QT interval; prolonged RR interval; shortened QT interval,non_acoustic,False,
BCMLA_OFD_001,Open Field,7,3,decreased locomotor activity; hyperactivity; increased exploration in new environment,non_acoustic,False,
ESLIM_012_001,Hot Plate,7,2,decreased thermal nociceptive threshold; increased thermal nociceptive threshold,non_acoustic,False,
BCM_CSD_001,Combined SHIRPA and Dysmorphology,7,3,abnormal coat appearance; abnormal skin coloration; trunk curl,mixed_contains_acoustic,False,Includes pinna reflex/startle alongside non-acoustic items; Pass 2 handles per-gene
JAXLA_IPG_001,Intraperitoneal glucose tolerance test (IPGTT),7,3,impaired glucose tolerance; improved glucose tolerance; increased fasting circulating glucose level,non_acoustic,False,
ICSLA_ECH_001,Echo,7,5,abnormal heart left ventricle morphology; decreased heart left ventricle size; increased cardiac muscle contractility; increased heart rate; thick ventricular wall,non_acoustic,False,
ICSLA_CBC_003,Clinical Chemistry,7,7,increased blood urea nitrogen level; increased circulating HDL cholesterol level; increased circulating alkaline phosphatase level; increased circulating calcium level; increased circulating cholesterol level,non_acoustic,False,
HMGULA_GRS_001,Grip Strength,6,2,decreased grip strength; increased grip strength,non_acoustic,False,
JAXLA_ECG_001,Electrocardiogram (ECG),6,5,abnormal sinus arrhythmia; cardiovascular system phenotype; decreased heart rate; increased heart rate; prolonged RR interval,non_acoustic,False,
IMPC_INS_002,Insulin Blood Level,6,1,increased circulating insulin level,non_acoustic,False,
KMPCLA_EYE_003,Eye Morphology,6,5,abnormal cornea morphology; abnormal eyelid morphology; cornea opacity; cornea vascularization; narrow eye opening,non_acoustic,False,
KMPCLA_ACS_003,Acoustic Startle and Pre-pulse Inhibition (PPI),6,3,decreased prepulse inhibition; decreased startle reflex; increased startle reflex,acoustic_dependent,True,All assertions from this procedure are acoustic-dependent
MGP_MTB_001,Trabecular Bone MicroCT,5,2,decreased bone trabecula number; increased bone trabecular spacing,non_acoustic,False,
TCPLA_IPG_001,Intraperitoneal glucose tolerance test (IPGTT),5,2,decreased fasting circulating glucose level; improved glucose tolerance,non_acoustic,False,
KMPCLA_IPG_001,Intraperitoneal glucose tolerance test (IPGTT),5,4,decreased fasting circulating glucose level; impaired glucose tolerance; improved glucose tolerance; increased fasting circulating glucose level,non_acoustic,False,
IMPC_PAT_001,Gross Pathology and Tissue Collection,5,4,abnormal liver morphology; abnormal pancreas morphology; abnormal seminal vesicle morphology; hydrocephaly,non_acoustic,False,
BCMLA_ECH_001,Echo,5,4,decreased cardiac muscle contractility; decreased cardiac output; decreased cardiac stroke volume; thin ventricular wall,non_acoustic,False,
HMGULA_HEM_002,Hematology,5,5,decreased leukocyte cell number; increased erythrocyte cell number; increased leukocyte cell number; increased red blood cell distribution width; thrombocytopenia,non_acoustic,False,
HMGULA_MIN_002,Minispec,5,3,abnormal body fat mass; abnormal body weight; abnormal lean body mass,non_acoustic,False,
IMPC_EYE_002,Eye Morphology,5,5,abnormal cornea morphology; abnormal lens morphology; abnormal retina blood vessel morphology; cataract; cornea opacity,non_acoustic,False,
HRWLLA_GRS_001,Grip Strength,5,2,decreased grip strength; increased grip strength,non_acoustic,False,
IMPC_FOR_001,Formalin Test,4,1,hypoalgesia,non_acoustic,False,
HMGULA_HWT_001,Heart Weight,4,2,increased heart weight; long tibia,non_acoustic,False,
BCMLA_DXA_001,Body Composition (DEXA lean/fat),4,3,decreased lean body mass; increased bone mineral content; increased total body fat amount,non_acoustic,False,
KMPCLA_ECG_003,Electrocardiogram (ECG),4,3,decreased heart rate; prolonged QT interval; prolonged RR interval,non_acoustic,False,
HMGULA_DYS_001,Dysmorphology,4,2,abnormal coat appearance; abnormal vibrissa morphology,non_acoustic,False,
TCPIP_GRS_001,Grip Strength,4,2,decreased grip strength; increased grip strength,non_acoustic,False,
IMPC_YMZ_001,Y-maze,4,2,decreased exploration in new environment; decreased locomotor activity,non_acoustic,False,
JAX_VFR_001,Von Frey Test,4,2,decreased mechanical nociceptive threshold; hypoalgesia,non_acoustic,False,
UCD_VFR_001,Von Frey Test,4,2,abnormal sensory capabilities/reflexes/nociception; hyperalgesia,non_acoustic,False,
KMPCLA_GRS_001,Grip Strength,4,2,decreased grip strength; increased grip strength,non_acoustic,False,
ICSLA_ACS_003,Acoustic Startle and Pre-pulse Inhibition (PPI),4,2,decreased prepulse inhibition; decreased startle reflex,acoustic_dependent,True,All assertions from this procedure are acoustic-dependent
ICSLA_FEA_001,Fear Conditioning,4,2,abnormal contextual conditioning behavior; abnormal cued conditioning behavior,non_acoustic,False,
TCPLA_OWT_001,Organ Weight,4,2,decreased spleen weight; increased spleen weight,non_acoustic,False,
JAXLA_HWT_001,Heart Weight,3,1,increased heart weight,non_acoustic,False,
HRWL_VFR_001,Von Frey Test,3,2,abnormal sensory capabilities/reflexes/nociception; increased mechanical nociceptive threshold,non_acoustic,False,
ICSLA_HEM_002,Hematology,3,3,increased hematocrit; increased monocyte cell number; increased neutrophil cell number,non_acoustic,False,
HMGULA_CAL_003,Indirect Calorimetry,3,3,decreased food intake; increased food intake; increased respiratory quotient,non_acoustic,False,
GMC_921_001,Grip Strength (GMC),3,1,decreased body weight,non_acoustic,False,
TCPLA_XRY_001,X-ray,3,2,long tibia; short tibia,non_acoustic,False,
ESLIM_003_001,Calorimetry,3,1,abnormal metabolism,non_acoustic,False,
BCMLA_IPG_001,Intraperitoneal glucose tolerance test (IPGTT),3,2,impaired glucose tolerance; increased fasting circulating glucose level,non_acoustic,False,
UCDIP_GRS_001,Grip Strength,3,2,decreased grip strength; increased grip strength,non_acoustic,False,
TCPLA_HWT_001,Heart Weight,3,1,decreased heart weight,non_acoustic,False,
HMGULA_ECG_003,Electrocardiogram (ECG),3,2,decreased heart rate; prolonged RR interval,non_acoustic,False,
IMPC_GPL_001,Gross Morphology Placenta E9.5,2,1,abnormal placenta morphology,non_acoustic,False,
TCPLA_GRS_001,Grip Strength,2,1,decreased grip strength,non_acoustic,False,
HMGUIP_AGE_001,Age monitoring,2,1,decreased body weight,non_acoustic,False,
KMPCLA_XRY_001,X-ray,2,2,abnormal spine curvature; abnormal vertebral arch morphology,non_acoustic,False,
BCMLA_LDT_001,Light-Dark Test,2,2,decreased exploration in new environment; increased exploration in new environment,non_acoustic,False,
JAX_HRG_001,Hargreaves Test,2,2,abnormal sensory capabilities/reflexes/nociception; increased thermal nociceptive threshold,non_acoustic,False,
ICSLA_DXA_001,Body Composition (DEXA lean/fat),2,2,decreased bone mineral density; decreased total body fat amount,non_acoustic,False,
HRWLLA_XRY_001,X-ray,2,2,abnormal spine curvature; long tibia,non_acoustic,False,
HMGU_ROT_001,Rotarod,2,1,abnormal motor coordination/balance,non_acoustic,False,
TCPLA_ECG_003,Electrocardiogram (ECG),2,2,decreased heart rate; prolonged RR interval,non_acoustic,False,
GMC_912_001,ERG (Electroretinogram) (GMC),2,2,abnormal eye electrophysiology; decreased body weight,non_acoustic,False,
UCD_HRG_001,Hargreaves Test,1,1,decreased thermal nociceptive threshold,non_acoustic,False,
BCMLA_OWT_001,Organ Weight,1,1,decreased spleen weight,non_acoustic,False,
BCMLA_XRY_001,X-ray,1,1,short tibia,non_acoustic,False,
HMGULA_OWT_001,Organ Weight,1,1,decreased liver weight,non_acoustic,False,
HMGULA_IPG_001,Intraperitoneal glucose tolerance test (IPGTT),1,1,improved glucose tolerance,non_acoustic,False,
HMGULA_OCT_001,OCT,1,1,increased total retina thickness,non_acoustic,False,
ICSLA_CSD_003,Combined SHIRPA and Dysmorphology,1,1,decreased exploration in new environment,mixed_contains_acoustic,False,Includes pinna reflex/startle alongside non-acoustic items; Pass 2 handles per-gene
IMPC_ACS_002,Acoustic Startle and Pre-pulse Inhibition (PPI),1,1,increased startle reflex,acoustic_dependent,True,All assertions from this procedure are acoustic-dependent
TCP_HRG_001,Hargreaves Test,1,1,abnormal sensory capabilities/reflexes/nociception,non_acoustic,False,
BCMLA_ACS_003,Acoustic Startle and Pre-pulse Inhibition (PPI),1,1,decreased startle reflex,acoustic_dependent,True,All assertions from this procedure are acoustic-dependent
